"SourceFile","Target"
"F:\06. KI\.agents\skills\einzelaktien-analyse-routine\SKILL.md","TICKER"
"F:\06. KI\00_Inbox\00_Inbox_MOC.md","00_Inhaltsverzeichnis.md"
"F:\06. KI\00_Inbox\00_Inbox_MOC.md","Merkzettel_Cronjobs_Trigger_Zeiten.md"
"F:\06. KI\00_Inbox\00_Inhaltsverzeichnis.md","00_Auto_Backup.bat"
"F:\06. KI\00_Inbox\00_Inhaltsverzeichnis.md","00_Git_Reparatur.bat"
"F:\06. KI\00_Inbox\00_Inhaltsverzeichnis.md","find_orphans.ps1"
"F:\06. KI\00_Inbox\00_Inhaltsverzeichnis.md","find_orphans_starten.bat"
"F:\06. KI\00_Inbox\00_Inhaltsverzeichnis.md","update-inhaltsverzeichnis.ps1"
"F:\06. KI\00_Inbox\00_Inhaltsverzeichnis.md","update-inhaltsverzeichnis_starten.bat"
"F:\06. KI\00_Inbox\00_Inhaltsverzeichnis.md","Dow-Jones-30.csv"
"F:\06. KI\00_Inbox\00_Inhaltsverzeichnis.md","Nasdaq-100.csv"
"F:\06. KI\00_Inbox\00_Inhaltsverzeichnis.md","Russell-2000-Teil01.csv"
"F:\06. KI\00_Inbox\00_Inhaltsverzeichnis.md","Russell-2000-Teil02.csv"
"F:\06. KI\00_Inbox\00_Inhaltsverzeichnis.md","Russell-2000-Teil03.csv"
"F:\06. KI\00_Inbox\00_Inhaltsverzeichnis.md","Russell-2000-Teil04.csv"
"F:\06. KI\00_Inbox\00_Inhaltsverzeichnis.md","Russell-2000-Teil05.csv"
"F:\06. KI\00_Inbox\00_Inhaltsverzeichnis.md","Russell-2000-Teil06.csv"
"F:\06. KI\00_Inbox\00_Inhaltsverzeichnis.md","Russell-2000-Teil07.csv"
"F:\06. KI\00_Inbox\00_Inhaltsverzeichnis.md","Russell-2000-Teil08.csv"
"F:\06. KI\00_Inbox\00_Inhaltsverzeichnis.md","Russell-2000-Teil09.csv"
"F:\06. KI\00_Inbox\00_Inhaltsverzeichnis.md","Russell-2000-Teil09-bis-11.csv"
"F:\06. KI\00_Inbox\00_Inhaltsverzeichnis.md","Russell-2000-Teil10.csv"
"F:\06. KI\00_Inbox\00_Inhaltsverzeichnis.md","Russell-2000-Teil11.csv"
"F:\06. KI\00_Inbox\00_Inhaltsverzeichnis.md","Russell-2000-Teil12.csv"
"F:\06. KI\00_Inbox\00_Inhaltsverzeichnis.md","SP500-Teil1.csv"
"F:\06. KI\00_Inbox\00_Inhaltsverzeichnis.md","SP500-Teil2.csv"
"F:\06. KI\00_Inbox\00_Inhaltsverzeichnis.md","SP500-Teil3.csv"
"F:\06. KI\00_Inbox\00_Inhaltsverzeichnis.md","Listen---01...Pending-Orders2026-06-21 18-00.png"
"F:\06. KI\00_Inbox\00_Inhaltsverzeichnis.md","Listen---01...Pending-Orders2026-06-21.png"
"F:\06. KI\00_Inbox\00_Inhaltsverzeichnis.md","Detaillierter Bericht - 945191 (U7630640) - Alle Instrumente2026-06+22.csv"
"F:\06. KI\00_Inbox\00_Inhaltsverzeichnis.md","Portfolio ProRealTime Screenshot 2026-06-20 193555.png"
"F:\06. KI\00_Inbox\00_Inhaltsverzeichnis.md","Portfolio2026-06-22.png"
"F:\06. KI\00_Inbox\00_Inhaltsverzeichnis.md","ADBE-T?glich2026-06-21.png"
"F:\06. KI\00_Inbox\00_Inhaltsverzeichnis.md","ADYEN-T?glich2026-06-21.png"
"F:\06. KI\00_Inbox\00_Inhaltsverzeichnis.md","GOOGL-T?glich.png"
"F:\06. KI\00_Inbox\00_Inhaltsverzeichnis.md","GOOGL-T?glich2026-06-22.png"
"F:\06. KI\00_Inbox\00_Inhaltsverzeichnis.md","AMZN-T?glich.png"
"F:\06. KI\00_Inbox\00_Inhaltsverzeichnis.md","AMZN-T?glich20260620.png"
"F:\06. KI\00_Inbox\00_Inhaltsverzeichnis.md","AMD-T?glich2026-06-21.png"
"F:\06. KI\00_Inbox\00_Inhaltsverzeichnis.md","ANET-T?glich2026-06-21.png"
"F:\06. KI\00_Inbox\00_Inhaltsverzeichnis.md","ARM-T?glich2026-06-21.png"
"F:\06. KI\00_Inbox\00_Inhaltsverzeichnis.md","ASML-T?glich 2026-06-21.png"
"F:\06. KI\00_Inbox\00_Inhaltsverzeichnis.md","AVGO-T?glich20260620.png"
"F:\06. KI\00_Inbox\00_Inhaltsverzeichnis.md","CRWD-T?glich2026-06-21.png"
"F:\06. KI\00_Inbox\00_Inhaltsverzeichnis.md","DDOG-T?glich2026-06-21.png"
"F:\06. KI\00_Inbox\00_Inhaltsverzeichnis.md","FSLR-T?glich2026-06-21.png"
"F:\06. KI\00_Inbox\00_Inhaltsverzeichnis.md","ISRG-T?glich2026-06-21.png"
"F:\06. KI\00_Inbox\00_Inhaltsverzeichnis.md","LLY-T?glich2026-06-21.png"
"F:\06. KI\00_Inbox\00_Inhaltsverzeichnis.md","MELI-T?glich2026-06-21.png"
"F:\06. KI\00_Inbox\00_Inhaltsverzeichnis.md","NEE-T?glich2026-06-21.png"
"F:\06. KI\00_Inbox\00_Inhaltsverzeichnis.md","NET-T?glich2026-06-21.png"
"F:\06. KI\00_Inbox\00_Inhaltsverzeichnis.md","NKE-T?glich2026-06-21.png"
"F:\06. KI\00_Inbox\00_Inhaltsverzeichnis.md","NOW-T?glich2026-06-21.png"
"F:\06. KI\00_Inbox\00_Inhaltsverzeichnis.md","NU-T?glich2026-06-21.png"
"F:\06. KI\00_Inbox\00_Inhaltsverzeichnis.md","NVDA-T?glich202060620.png"
"F:\06. KI\00_Inbox\00_Inhaltsverzeichnis.md","NVO-1-Stunde2026-06-21.png"
"F:\06. KI\00_Inbox\00_Inhaltsverzeichnis.md","NVO-T?glich2026-06-21.png"
"F:\06. KI\00_Inbox\00_Inhaltsverzeichnis.md","PANW-T?glich2026-06-21.png"
"F:\06. KI\00_Inbox\00_Inhaltsverzeichnis.md","PLTR-T?glich2026-06-21.png"
"F:\06. KI\00_Inbox\00_Inhaltsverzeichnis.md","PLTR-T?glich2026-06-22.png"
"F:\06. KI\00_Inbox\00_Inhaltsverzeichnis.md","PWR-T?glich2026-06-21.png"
"F:\06. KI\00_Inbox\00_Inhaltsverzeichnis.md","ROK-T?glich2026-06-21.png"
"F:\06. KI\00_Inbox\00_Inhaltsverzeichnis.md","S-T?glich.2026-06-21.png"
"F:\06. KI\00_Inbox\00_Inhaltsverzeichnis.md","SNOW-T?glich2026-06-21.png"
"F:\06. KI\00_Inbox\00_Inhaltsverzeichnis.md","XYZ-T?glich.png"
"F:\06. KI\00_Inbox\00_Inhaltsverzeichnis.md","SYK-T?glich2026-06-21.png"
"F:\06. KI\00_Inbox\00_Inhaltsverzeichnis.md","SYM-T?glich2026-06-.png"
"F:\06. KI\00_Inbox\00_Inhaltsverzeichnis.md","TSLA-T?glich.png"
"F:\06. KI\00_Inbox\00_Inhaltsverzeichnis.md","TSM-T?glich2026-06-21.png"
"F:\06. KI\00_Inbox\00_Inhaltsverzeichnis.md","0..Long AKJ 22.06.26.csv"
"F:\06. KI\00_Inbox\00_Inhaltsverzeichnis.md","0..Long AKJ 22.06.26.txt"
"F:\06. KI\00_Inbox\00_Inhaltsverzeichnis.md","Single-Currency_account_statement.pdf"
"F:\06. KI\00_Inbox\00_Inhaltsverzeichnis.md","V-T?glich2026-06-21.png"
"F:\06. KI\00_Inbox\00_Inhaltsverzeichnis.md","VRTX-T?glich2026-06-21.png"
"F:\06. KI\00_Inbox\00_Inhaltsverzeichnis.md","ZS-T?glich2026-06-21.png"
"F:\06. KI\00_Inbox\00_Inhaltsverzeichnis.md","10-finger-system-tastaturlayout-de.pdf"
"F:\06. KI\00_Inbox\00_Inhaltsverzeichnis.md","20231224_220743.jpg"
"F:\06. KI\00_Inbox\00_Inhaltsverzeichnis.md","BME_Leitfaden_NachhaltigeBeschaffung2019_final.pdf"
"F:\06. KI\00_Inbox\00_Inhaltsverzeichnis.md","Checkliste f?r Probleme.pdf"
"F:\06. KI\00_Inbox\00_Inhaltsverzeichnis.md","Checkliste_Erfolgreicher_Start_als_neuer_Einkaufsleiter.pdf"
"F:\06. KI\00_Inbox\00_Inhaltsverzeichnis.md","claude-workspace-vorlage.zip"
"F:\06. KI\00_Inbox\00_Inhaltsverzeichnis.md","Grundlagen_des_Einkaufs.pdf"
"F:\06. KI\00_Inbox\00_Inhaltsverzeichnis.md","basilikum-kraeuter.jpg"
"F:\06. KI\00_Inbox\00_Inhaltsverzeichnis.md","cress_cut.jpg"
"F:\06. KI\00_Inbox\00_Inhaltsverzeichnis.md","dill.jpg"
"F:\06. KI\00_Inbox\00_Inhaltsverzeichnis.md","Kr?uter-Borretsch-Heilkr?uter-Pflanze.jpg"
"F:\06. KI\00_Inbox\00_Inhaltsverzeichnis.md","Kr?uter-Salbei-Heilkr?uter-Pflanze.jpg"
"F:\06. KI\00_Inbox\00_Inhaltsverzeichnis.md","Kreutersamlung.odt"
"F:\06. KI\00_Inbox\00_Inhaltsverzeichnis.md","majoran.jpg"
"F:\06. KI\00_Inbox\00_Inhaltsverzeichnis.md","minze.jpg"
"F:\06. KI\00_Inbox\00_Inhaltsverzeichnis.md","oregano.jpg"
"F:\06. KI\00_Inbox\00_Inhaltsverzeichnis.md","petersilie.jpg"
"F:\06. KI\00_Inbox\00_Inhaltsverzeichnis.md","rosmarin-kraut.jpg"
"F:\06. KI\00_Inbox\00_Inhaltsverzeichnis.md","schnittlauch.jpg"
"F:\06. KI\00_Inbox\00_Inhaltsverzeichnis.md","thymian.jpg"
"F:\06. KI\00_Inbox\00_Inhaltsverzeichnis.md","Anlegen_f?r_Anf?nger.mp4"
"F:\06. KI\00_Inbox\00_Inhaltsverzeichnis.md","Die_HOMAG-Blaupause.mp4"
"F:\06. KI\00_Inbox\00_Inhaltsverzeichnis.md","Stumpe_Glas__Eine_Analyse.mp4"
"F:\06. KI\00_Inbox\00_Inhaltsverzeichnis.md","Stumpe_Glas__Verborgene_Tech.mp4"
"F:\06. KI\00_Inbox\00_Inhaltsverzeichnis.md","AVGO-T?glich.png"
"F:\06. KI\00_Inbox\00_Inhaltsverzeichnis.md","favorites_18.06.26.html"
"F:\06. KI\00_Inbox\00_Inhaltsverzeichnis.md","GOOGL-T?glich.png"
"F:\06. KI\00_Inbox\00_Inhaltsverzeichnis.md","Listen---01..Order-Liste-ALLE.png"
"F:\06. KI\00_Inbox\00_Inhaltsverzeichnis.md","NVDA-T?glich.png"
"F:\06. KI\00_Inbox\00_Inhaltsverzeichnis.md","Portfolio 2026-06-17 220121.png"
"F:\06. KI\00_Inbox\00_Inhaltsverzeichnis.md","Portfolio Screenshot 2026-06-16 190829.png"
"F:\06. KI\00_Inbox\00_Inhaltsverzeichnis.md","Portfolio.png"
"F:\06. KI\00_Inbox\00_Inhaltsverzeichnis.md","TSLA-T?glich.png"
"F:\06. KI\01_System_KI\00_System_KI_MOC.md","Arbeitsanweisung f??r den KI-Assistenten"
"F:\06. KI\01_System_KI\00_System_KI_MOC.md","04_Obsidian_Masterclass/00_Obsidian_Start"
"F:\06. KI\01_System_KI\00_System_KI_MOC.md","05_KI_Second_Brain_Masterclass/00_KI_Second_Brain_Start"
"F:\06. KI\01_System_KI\00_System_KI_MOC.md","08_Handelsstrategie_Masterclass/00_Handelsstrategie_Start"
"F:\06. KI\01_System_KI\00_System_KI_MOC.md","09_Marktstrategien_Masterclass/00_Marktstrategien_Start"
"F:\06. KI\01_System_KI\00_System_KI_MOC.md","00_KI_Verhaltensregeln.md"
"F:\06. KI\01_System_KI\00_System_KI_MOC.md","update-inhaltsverzeichnis.ps1"
"F:\06. KI\01_System_KI\00_System_KI_MOC.md","aktive-cronjobs.md"
"F:\06. KI\01_System_KI\00_System_KI_MOC.md","00_KI_Verhaltensregeln.md"
"F:\06. KI\01_System_KI\00_System_KI_MOC.md","00_KI_Verhaltensregeln.md"
"F:\06. KI\01_System_KI\00_System_KI_MOC.md","00_KI_Verhaltensregeln.md"
"F:\06. KI\01_System_KI\00_System_KI_MOC.md","00_KI_Verhaltensregeln.md"
"F:\06. KI\01_System_KI\00_System_KI_MOC.md","08_Handelsstrategie_Masterclass/00_Handelsstrategie_Start"
"F:\06. KI\01_System_KI\00_System_KI_MOC.md","09_Marktstrategien_Masterclass/00_Marktstrategien_Start"
"F:\06. KI\01_System_KI\01_Kernwissen\Arbeitsanweisung f?r den KI-Assistenten.md","Pers??nliche Informationen"
"F:\06. KI\01_System_KI\01_Kernwissen\Arbeitsanweisung f?r den KI-Assistenten.md","Portfolio-??bersicht"
"F:\06. KI\01_System_KI\01_Kernwissen\Business-Informationen.md","Pers??nliche Informationen"
"F:\06. KI\01_System_KI\01_Kernwissen\Business-Informationen.md","Pers??nliche Informationen"
"F:\06. KI\01_System_KI\01_Kernwissen\Business-Informationen.md","Portfolio-??bersicht"
"F:\06. KI\01_System_KI\01_Kernwissen\Pers?nliche Informationen.md","Portfolio-??bersicht"
"F:\06. KI\01_System_KI\01_Kernwissen\Strategie-Kompass.md","Pers??nliche Informationen"
"F:\06. KI\01_System_KI\01_Kernwissen\Strategie-Kompass.md","Portfolio-??bersicht"
"F:\06. KI\01_System_KI\03_scripts\00_KI_Verhaltensregeln.md","Dateiname"
"F:\06. KI\01_System_KI\03_scripts\00_KI_Verhaltensregeln.md","Dateiname"
"F:\06. KI\01_System_KI\03_scripts\befehls-uebersicht.md","Portfolio-??bersicht"
"F:\06. KI\01_System_KI\03_scripts\befehls-uebersicht.md","00_Inhaltsverzeichnis.md"
"F:\06. KI\01_System_KI\04_Obsidian_Masterclass\Lektion_02_Wiki_Links.md",""
"F:\06. KI\01_System_KI\04_Obsidian_Masterclass\Lektion_02_Wiki_Links.md","` auf deiner Tastatur.
Sobald du das tust, klappt in Obsidian sofort ein kleines Suchfenster auf. Tippe einfach den Namen der Datei ein, zu der du verlinken willst, und dr??cke Enter.

> **Beispiel:** `[[Lektion_01_Markd[own_Grundlagen"
"F:\06. KI\01_System_KI\04_Obsidian_Masterclass\Lektion_02_Wiki_Links.md","Eine komplett neue Idee"
"F:\06. KI\01_System_KI\04_Obsidian_Masterclass\Lektion_02_Wiki_Links.md","` und beginne, das heutige Datum zu tippen (z.B. `[[2026-06-19`), w??hle dann das Protokoll oder Tagebuch aus.
2. Erstelle einen Link zu einer Fantasie-Datei, die noch nicht existiert. Nenne sie z.B. `[[Meine genialen Ideen"
"F:\06. KI\01_System_KI\04_Obsidian_Masterclass\Lektion_02_Wiki_Links.md","meine idee"
"F:\06. KI\01_System_KI\04_Obsidian_Masterclass\Lektion_03_MOCs_Inhaltsverzeichnisse.md","Wiki-Link"
"F:\06. KI\01_System_KI\04_Obsidian_Masterclass\Lektion_03_MOCs_Inhaltsverzeichnisse.md","Apple Quartalszahlen 2026"
"F:\06. KI\01_System_KI\04_Obsidian_Masterclass\Lektion_03_MOCs_Inhaltsverzeichnisse.md","00_Inhaltsverzeichnis.md"
"F:\06. KI\01_System_KI\04_Obsidian_Masterclass\Lektion_04_Tags_und_Suche.md",""
"F:\06. KI\01_System_KI\04_Obsidian_Masterclass\Lektion_04_Tags_und_Suche.md","2026-06-19-tagebuch"
"F:\06. KI\01_System_KI\04_Obsidian_Masterclass\Lektion_04_Tags_und_Suche.md",""
"F:\06. KI\01_System_KI\04_Obsidian_Masterclass\Lektion_06_Der_Graph_View.md","Meine Notiz"
"F:\06. KI\01_System_KI\04_Obsidian_Masterclass\Lektion_09_Slash_Befehle_verstehen.md","portfolio-bestand"
"F:\06. KI\01_System_KI\06_Investment_Strategie_Masterclass\Lektion_03_Die_Kunst_der_Portfolio_Optimierung.md","Portfolio-??bersicht"
"F:\06. KI\01_System_KI\07_Strategie_Kompass_Masterclass\Lektion_03_Zusammenspiel_des_Kernwissens.md","Pers??nliche Informationen"
"F:\06. KI\01_System_KI\07_Strategie_Kompass_Masterclass\Lektion_03_Zusammenspiel_des_Kernwissens.md","Pers??nliche Informationen"
"F:\06. KI\02_Tagebuch\00_Tagebuch_MOC.md","2026-06-20-protokoll.md"
"F:\06. KI\02_Tagebuch\00_Tagebuch_MOC.md","2026-06-19-protokoll.md"
"F:\06. KI\02_Tagebuch\00_Tagebuch_MOC.md","2026-06-18-protokoll.md"
"F:\06. KI\02_Tagebuch\00_Tagebuch_MOC.md","2026-06-17-tagebuch.md"
"F:\06. KI\02_Tagebuch\00_Tagebuch_MOC.md","2026-06-17-protokoll.md"
"F:\06. KI\02_Tagebuch\00_Tagebuch_MOC.md","README.md"
"F:\06. KI\02_Tagebuch\2026-06-16-tagebuch.md","2026-06-16-daily-market-update.md"
"F:\06. KI\02_Tagebuch\2026-06-16-tagebuch.md","befehls-uebersicht.md"
"F:\06. KI\02_Tagebuch\2026-06-16-tagebuch.md","Portfolio-??bersicht"
"F:\06. KI\02_Tagebuch\2026-06-16-tagebuch.md","trade-journal-vorlage.md"
"F:\06. KI\02_Tagebuch\2026-06-16-tagebuch.md","trade-journal-amzn.md"
"F:\06. KI\02_Tagebuch\2026-06-16-tagebuch.md","kursdaten-divergenz-amzn.md"
"F:\06. KI\02_Tagebuch\2026-06-17-protokoll.md","befehls-uebersicht.md"
"F:\06. KI\02_Tagebuch\2026-06-17-protokoll.md","Arbeitsanweisung f??r den KI-Assistenten"
"F:\06. KI\02_Tagebuch\2026-06-17-tagebuch.md","Portfolio 2026-06-17 220121.png"
"F:\06. KI\02_Tagebuch\2026-06-17-tagebuch.md","portfolio-bestand"
"F:\06. KI\02_Tagebuch\2026-06-18-protokoll.md","Arbeitsanweisung f??r den KI-Assistenten"
"F:\06. KI\02_Tagebuch\2026-06-18-protokoll.md","Pers??nliche Informationen"
"F:\06. KI\02_Tagebuch\2026-06-18-protokoll.md","Strategie"
"F:\06. KI\02_Tagebuch\2026-06-18-protokoll.md","Portfolio-??bersicht"
"F:\06. KI\02_Tagebuch\2026-06-18-protokoll.md","Wiki-Links"
"F:\06. KI\02_Tagebuch\2026-06-18-protokoll.md","00_Inhaltsverzeichnis.md"
"F:\06. KI\02_Tagebuch\2026-06-18-protokoll.md","00_KI_Verhaltensregeln.md"
"F:\06. KI\02_Tagebuch\2026-06-18-tagebuch.md","befehls-uebersicht.md"
"F:\06. KI\02_Tagebuch\2026-06-18-tagebuch.md","00_Inhaltsverzeichnis.md"
"F:\06. KI\02_Tagebuch\2026-06-18-tagebuch.md","06.Obsidian"
"F:\06. KI\02_Tagebuch\2026-06-18-tagebuch.md","Web_Archiv"
"F:\06. KI\03_Trading_und_Boerse\00_Trading_MOC.md","01_Marktueberblick"
"F:\06. KI\03_Trading_und_Boerse\00_Trading_MOC.md","06_Watchliste"
"F:\06. KI\03_Trading_und_Boerse\00_Trading_MOC.md","07_Pending Orders"
"F:\06. KI\03_Trading_und_Boerse\00_Trading_MOC.md","08_Portfolio_Dashboard"
"F:\06. KI\03_Trading_und_Boerse\00_Trading_MOC.md","09_Einzelaktien_ProRealTime"
"F:\06. KI\03_Trading_und_Boerse\00_Trading_MOC.md","Allwetter_Portfolio_Watchlist.csv"
"F:\06. KI\03_Trading_und_Boerse\00_Trading_MOC.md","AMD"
"F:\06. KI\03_Trading_und_Boerse\00_Trading_MOC.md","ANET"
"F:\06. KI\03_Trading_und_Boerse\00_Trading_MOC.md","ARM"
"F:\06. KI\03_Trading_und_Boerse\00_Trading_MOC.md","ASML"
"F:\06. KI\03_Trading_und_Boerse\00_Trading_MOC.md","Broadcom"
"F:\06. KI\03_Trading_und_Boerse\00_Trading_MOC.md","Nvidia"
"F:\06. KI\03_Trading_und_Boerse\00_Trading_MOC.md","TSM"
"F:\06. KI\03_Trading_und_Boerse\00_Trading_MOC.md","CRWD"
"F:\06. KI\03_Trading_und_Boerse\00_Trading_MOC.md","NET"
"F:\06. KI\03_Trading_und_Boerse\00_Trading_MOC.md","PANW"
"F:\06. KI\03_Trading_und_Boerse\00_Trading_MOC.md","S"
"F:\06. KI\03_Trading_und_Boerse\00_Trading_MOC.md","ZS"
"F:\06. KI\03_Trading_und_Boerse\00_Trading_MOC.md","Adobe"
"F:\06. KI\03_Trading_und_Boerse\00_Trading_MOC.md","Alphabet"
"F:\06. KI\03_Trading_und_Boerse\00_Trading_MOC.md","Amazon"
"F:\06. KI\03_Trading_und_Boerse\00_Trading_MOC.md","Block"
"F:\06. KI\03_Trading_und_Boerse\00_Trading_MOC.md","Nike"
"F:\06. KI\03_Trading_und_Boerse\00_Trading_MOC.md","Tesla"
"F:\06. KI\03_Trading_und_Boerse\00_Trading_MOC.md","portfolio-bestand"
"F:\06. KI\03_Trading_und_Boerse\00_Trading_MOC.md","Portfolio 2026-06-17 220121.png"
"F:\06. KI\03_Trading_und_Boerse\00_Trading_MOC.md","portfolio-bestand"
"F:\06. KI\03_Trading_und_Boerse\09_Einzelaktien_ProRealTime\00_Einzelaktien_Index.md","AMD"
"F:\06. KI\03_Trading_und_Boerse\09_Einzelaktien_ProRealTime\00_Einzelaktien_Index.md","ANET"
"F:\06. KI\03_Trading_und_Boerse\09_Einzelaktien_ProRealTime\00_Einzelaktien_Index.md","ARM"
"F:\06. KI\03_Trading_und_Boerse\09_Einzelaktien_ProRealTime\00_Einzelaktien_Index.md","ASML"
"F:\06. KI\03_Trading_und_Boerse\09_Einzelaktien_ProRealTime\00_Einzelaktien_Index.md","Broadcom"
"F:\06. KI\03_Trading_und_Boerse\09_Einzelaktien_ProRealTime\00_Einzelaktien_Index.md","AVGO"
"F:\06. KI\03_Trading_und_Boerse\09_Einzelaktien_ProRealTime\00_Einzelaktien_Index.md","Nvidia"
"F:\06. KI\03_Trading_und_Boerse\09_Einzelaktien_ProRealTime\00_Einzelaktien_Index.md","NVDA"
"F:\06. KI\03_Trading_und_Boerse\09_Einzelaktien_ProRealTime\00_Einzelaktien_Index.md","TSM"
"F:\06. KI\03_Trading_und_Boerse\09_Einzelaktien_ProRealTime\00_Einzelaktien_Index.md","CRWD"
"F:\06. KI\03_Trading_und_Boerse\09_Einzelaktien_ProRealTime\00_Einzelaktien_Index.md","NET"
"F:\06. KI\03_Trading_und_Boerse\09_Einzelaktien_ProRealTime\00_Einzelaktien_Index.md","PANW"
"F:\06. KI\03_Trading_und_Boerse\09_Einzelaktien_ProRealTime\00_Einzelaktien_Index.md","S"
"F:\06. KI\03_Trading_und_Boerse\09_Einzelaktien_ProRealTime\00_Einzelaktien_Index.md","ZS"
"F:\06. KI\03_Trading_und_Boerse\09_Einzelaktien_ProRealTime\00_Einzelaktien_Index.md","Adobe"
"F:\06. KI\03_Trading_und_Boerse\09_Einzelaktien_ProRealTime\00_Einzelaktien_Index.md","Alphabet"
"F:\06. KI\03_Trading_und_Boerse\09_Einzelaktien_ProRealTime\00_Einzelaktien_Index.md","GOOGL"
"F:\06. KI\03_Trading_und_Boerse\09_Einzelaktien_ProRealTime\00_Einzelaktien_Index.md","Amazon"
"F:\06. KI\03_Trading_und_Boerse\09_Einzelaktien_ProRealTime\00_Einzelaktien_Index.md","AMZN"
"F:\06. KI\03_Trading_und_Boerse\09_Einzelaktien_ProRealTime\00_Einzelaktien_Index.md","Microsoft"
"F:\06. KI\03_Trading_und_Boerse\09_Einzelaktien_ProRealTime\00_Einzelaktien_Index.md","MSFT"
"F:\06. KI\03_Trading_und_Boerse\09_Einzelaktien_ProRealTime\00_Einzelaktien_Index.md","Block"
"F:\06. KI\03_Trading_und_Boerse\09_Einzelaktien_ProRealTime\00_Einzelaktien_Index.md","V"
"F:\06. KI\03_Trading_und_Boerse\09_Einzelaktien_ProRealTime\00_Einzelaktien_Index.md","UNH"
"F:\06. KI\03_Trading_und_Boerse\09_Einzelaktien_ProRealTime\00_Einzelaktien_Index.md","LLY"
"F:\06. KI\03_Trading_und_Boerse\09_Einzelaktien_ProRealTime\00_Einzelaktien_Index.md","NVO"
"F:\06. KI\03_Trading_und_Boerse\09_Einzelaktien_ProRealTime\00_Einzelaktien_Index.md","JNJ"
"F:\06. KI\03_Trading_und_Boerse\09_Einzelaktien_ProRealTime\00_Einzelaktien_Index.md","WMT"
"F:\06. KI\03_Trading_und_Boerse\09_Einzelaktien_ProRealTime\00_Einzelaktien_Index.md","PG"
"F:\06. KI\03_Trading_und_Boerse\09_Einzelaktien_ProRealTime\00_Einzelaktien_Index.md","KO"
"F:\06. KI\03_Trading_und_Boerse\09_Einzelaktien_ProRealTime\00_Einzelaktien_Index.md","MCD"
"F:\06. KI\03_Trading_und_Boerse\09_Einzelaktien_ProRealTime\00_Einzelaktien_Index.md","WM"
"F:\06. KI\03_Trading_und_Boerse\09_Einzelaktien_ProRealTime\00_Einzelaktien_Index.md","JPM"
"F:\06. KI\03_Trading_und_Boerse\09_Einzelaktien_ProRealTime\00_Einzelaktien_Index.md","ALV"
"F:\06. KI\03_Trading_und_Boerse\09_Einzelaktien_ProRealTime\00_Einzelaktien_Index.md","XOM"
"F:\06. KI\03_Trading_und_Boerse\09_Einzelaktien_ProRealTime\00_Einzelaktien_Index.md","NEE"
"F:\06. KI\03_Trading_und_Boerse\09_Einzelaktien_ProRealTime\00_Einzelaktien_Index.md","Nike"
"F:\06. KI\03_Trading_und_Boerse\09_Einzelaktien_ProRealTime\00_Einzelaktien_Index.md","Tesla"
"F:\06. KI\03_Trading_und_Boerse\09_Einzelaktien_ProRealTime\00_Einzelaktien_Index.md","Earnings"
"F:\06. KI\03_Trading_und_Boerse\09_Einzelaktien_ProRealTime\Earnings\00_Earnings_MOC.md","AMZN"
"F:\06. KI\03_Trading_und_Boerse\09_Einzelaktien_ProRealTime\Earnings\00_Earnings_MOC.md","GOOGL"
"F:\06. KI\03_Trading_und_Boerse\09_Einzelaktien_ProRealTime\Earnings\00_Earnings_MOC.md","AVGO"
"F:\06. KI\03_Trading_und_Boerse\09_Einzelaktien_ProRealTime\Earnings\00_Earnings_MOC.md","NVDA"
"F:\06. KI\03_Trading_und_Boerse\09_Einzelaktien_ProRealTime\Earnings\00_Earnings_MOC.md","TSLA"
"F:\06. KI\04_Wissen_Ressourcen\00_Wissen_MOC.md","08.Wissen"
"F:\06. KI\04_Wissen_Ressourcen\00_Wissen_MOC.md","06_lektionen"
"F:\06. KI\04_Wissen_Ressourcen\06_lektionen\lektion-02-qualitaetsaktien-finden.md","Portfolio-??bersicht"
"F:\06. KI\04_Wissen_Ressourcen\Web_Archiv\00_Web_Archiv_MOC.md","Posteingang - joachimlill66@googlemail.com - Gmail\"
"F:\06. KI\04_Wissen_Ressourcen\Web_Archiv\00_Web_Archiv_MOC.md","Google Kalender\"
"F:\06. KI\04_Wissen_Ressourcen\Web_Archiv\00_Web_Archiv_MOC.md","Google\"
"F:\06. KI\04_Wissen_Ressourcen\Web_Archiv\00_Web_Archiv_MOC.md","Meine Workstation\"
"F:\06. KI\04_Wissen_Ressourcen\Web_Archiv\00_Web_Archiv_MOC.md","FINVIZ.com - Stock Screener\"
"F:\06. KI\04_Wissen_Ressourcen\Web_Archiv\00_Web_Archiv_MOC.md","Kostenlose Aktiencharts, Aktienkurse und Trading-Ideen ??? TradingView\"
"F:\06. KI\04_Wissen_Ressourcen\Web_Archiv\00_Web_Archiv_MOC.md","Investing.com - Ihr Finanzportal f??r B??rse, Aktien &amp; Finanzen\"
"F:\06. KI\04_Wissen_Ressourcen\Web_Archiv\00_Web_Archiv_MOC.md","B??rse Frankfurt- Aktien, Kurse, Charts und Nachrichten\"
"F:\06. KI\04_Wissen_Ressourcen\Web_Archiv\00_Web_Archiv_MOC.md","B??rse - Echtzeitkurse f??r Aktien, Indizes, Forex, Rohstoffe - MarketScreener.com\"
"F:\06. KI\04_Wissen_Ressourcen\Web_Archiv\00_Web_Archiv_MOC.md","aktien.guide- Die besten Aktien finden, analysieren und beobachten.\"
"F:\06. KI\04_Wissen_Ressourcen\Web_Archiv\00_Web_Archiv_MOC.md","FINANZEN.NET- B??rse und Finanzen\"
"F:\06. KI\04_Wissen_Ressourcen\Web_Archiv\00_Web_Archiv_MOC.md","Aktien - Aktuelle Nachrichten zu Finanzen\"
"F:\06. KI\04_Wissen_Ressourcen\Web_Archiv\00_Web_Archiv_MOC.md","YouTube\"
"F:\06. KI\04_Wissen_Ressourcen\Web_Archiv\00_Web_Archiv_MOC.md","Amazon.de- G??nstige Preise f??r Elektronik &amp; Foto, Filme, Musik, B??cher, Games, Spielzeug &amp; mehr\"
"F:\06. KI\04_Wissen_Ressourcen\Web_Archiv\00_Web_Archiv_MOC.md","Maps\"
"F:\06. KI\04_Wissen_Ressourcen\Web_Archiv\00_Web_Archiv_MOC.md","Handelsblatt - Nachrichten aus Finanzen, Wirtschaft und Politik\"
"F:\06. KI\04_Wissen_Ressourcen\Web_Archiv\00_Web_Archiv_MOC.md","Readly\"
"F:\06. KI\04_Wissen_Ressourcen\Web_Archiv\00_Web_Archiv_MOC.md","Account\"
"F:\06. KI\04_Wissen_Ressourcen\Web_Archiv\00_Web_Archiv_MOC.md","Dashboard - HKCM\"
"F:\06. KI\04_Wissen_Ressourcen\Web_Archiv\00_Web_Archiv_MOC.md","Wikipedia, die freie Enzyklop??die\"
"F:\06. KI\04_Wissen_Ressourcen\Web_Archiv\00_Web_Archiv_MOC.md","Das Trading-Tagebuch f??r deinen B??rsenerfolg (inkl. Vorlage)\"
"F:\06. KI\04_Wissen_Ressourcen\Web_Archiv\00_Web_Archiv_MOC.md","??? Sharpe-Ratio ?? Definition, Erkl??rung &amp; Beispiele + ??bungsfragen\"
"F:\06. KI\04_Wissen_Ressourcen\Web_Archiv\00_Web_Archiv_MOC.md","Sharpe-Quotient ??? Wikipedia\"
"F:\06. KI\04_Wissen_Ressourcen\Web_Archiv\00_Web_Archiv_MOC.md","Inflation in Deutschland bis Januar 2024 - Statista\"
"F:\06. KI\04_Wissen_Ressourcen\Web_Archiv\00_Web_Archiv_MOC.md","B??rsenkompass GmbH ??? Gesellschaft f??r die Verbreitung von Kapitalmarktinformationen\"
"F:\06. KI\04_Wissen_Ressourcen\Web_Archiv\00_Web_Archiv_MOC.md","B??rsen-Kompass - Deine Plattform f??r Top-Investments\"
"F:\06. KI\04_Wissen_Ressourcen\Web_Archiv\00_Web_Archiv_MOC.md","Einweihungsfeier- Mein neues Handelsb??ro on Vimeo\"
"F:\06. KI\04_Wissen_Ressourcen\Web_Archiv\00_Web_Archiv_MOC.md","Das Buch ist da, hurra - Ab 13.11.2017 startet der Versand on Vimeo\"
"F:\06. KI\04_Wissen_Ressourcen\Web_Archiv\00_Web_Archiv_MOC.md","Mario L??ddemann zeigt Ihnen den Weg in die finanzielle Freiheit\"
"F:\06. KI\04_Wissen_Ressourcen\Web_Archiv\00_Web_Archiv_MOC.md","Screeningdienst KW 01\"
"F:\06. KI\04_Wissen_Ressourcen\Web_Archiv\00_Web_Archiv_MOC.md","Home\"
"F:\06. KI\04_Wissen_Ressourcen\Web_Archiv\00_Web_Archiv_MOC.md","Aktienhandel lernen und erfolgreich an der B??rse Kapital aufbauen\"
"F:\06. KI\04_Wissen_Ressourcen\Web_Archiv\00_Web_Archiv_MOC.md","BuyTheDip. - Beste Finanz-App f??r Anleger\"
"F:\06. KI\04_Wissen_Ressourcen\Web_Archiv\00_Web_Archiv_MOC.md","Einfach Traden lernen - Der perfekte Trading-Einstieg\"
"F:\06. KI\04_Wissen_Ressourcen\Web_Archiv\00_Web_Archiv_MOC.md","HKCM ??? Mit unseren Kursanalysen zu Ihrem Handelserfolg\"
"F:\06. KI\04_Wissen_Ressourcen\Web_Archiv\00_Web_Archiv_MOC.md","Teil 4- Die Dynamik der Preisfindung an der B??rse - TradersClub24\"
"F:\06. KI\04_Wissen_Ressourcen\Web_Archiv\00_Web_Archiv_MOC.md","Aktiengram - Aktien, Dividenden, B??rse und pers??nliche Finanzen\"
"F:\06. KI\04_Wissen_Ressourcen\Web_Archiv\00_Web_Archiv_MOC.md","5 Jahre Aktiengram! - Aktiengram\"
"F:\06. KI\04_Wissen_Ressourcen\Web_Archiv\00_Web_Archiv_MOC.md","abilitato.de - Lerne Investieren in Aktien. Wie ein Unternehmer.\"
"F:\06. KI\04_Wissen_Ressourcen\Web_Archiv\00_Web_Archiv_MOC.md","DATAROMA investiert an der Seite von Superinvestoren\"
"F:\06. KI\04_Wissen_Ressourcen\Web_Archiv\00_Web_Archiv_MOC.md","GuruFokus - B??rsenforschung, Daten und Tools\"
"F:\06. KI\04_Wissen_Ressourcen\Web_Archiv\00_Web_Archiv_MOC.md","Aktien, Altersvorsorge, Buy and Hold, ETFs, Sparen - Tim Sch??fer Media\"
"F:\06. KI\04_Wissen_Ressourcen\Web_Archiv\00_Web_Archiv_MOC.md","Martin Goersch ??? Passion meets Profits\"
"F:\06. KI\04_Wissen_Ressourcen\Web_Archiv\00_Web_Archiv_MOC.md","Plug Power Aktie (A1JA81)- Aktienkurs, Chart, Nachrichten - ARIVA.DE\"
"F:\06. KI\04_Wissen_Ressourcen\Web_Archiv\00_Web_Archiv_MOC.md","??? BALLARD POWER AKTIE - A0RENB - Aktienkurs ??? Realtime - ARIVA\"
"F:\06. KI\04_Wissen_Ressourcen\Web_Archiv\00_Web_Archiv_MOC.md","TL0 RT LS- 513,45 Euro -29,95 (-5,51 %)\"
"F:\06. KI\04_Wissen_Ressourcen\Web_Archiv\00_Web_Archiv_MOC.md","Clean Power Capital ??? Wikipedia\"
"F:\06. KI\04_Wissen_Ressourcen\Web_Archiv\00_Web_Archiv_MOC.md","Anlagepolitik - Clean Power Capital\"
"F:\06. KI\04_Wissen_Ressourcen\Web_Archiv\00_Web_Archiv_MOC.md","Wasserstoff-Aktien ??? Die Zukunft des Autos ??? Anleger-Reports\"
"F:\06. KI\04_Wissen_Ressourcen\Web_Archiv\00_Web_Archiv_MOC.md","MyTradeClass - Trading school\"
"F:\06. KI\04_Wissen_Ressourcen\Web_Archiv\00_Web_Archiv_MOC.md","Dividenden-K??nige (GRATIS Excel-Liste)\"
"F:\06. KI\04_Wissen_Ressourcen\Web_Archiv\00_Web_Archiv_MOC.md","B??rsen-Akademie- Kostenloser w??chentlicher B??rsen Newsletter\"
"F:\06. KI\04_Wissen_Ressourcen\Web_Archiv\00_Web_Archiv_MOC.md","Provisionen - Interactive Brokers Luxembourg SARL\"
"F:\06. KI\04_Wissen_Ressourcen\Web_Archiv\00_Web_Archiv_MOC.md","Einloggen\"
"F:\06. KI\04_Wissen_Ressourcen\Web_Archiv\00_Web_Archiv_MOC.md","Kontoer??ffnung, Ein- und Auszahlungen - Trading Lesson\"
"F:\06. KI\04_Wissen_Ressourcen\Web_Archiv\00_Web_Archiv_MOC.md","Ausgestrahlte Webinare - IBKR Campus\"
"F:\06. KI\04_Wissen_Ressourcen\Web_Archiv\00_Web_Archiv_MOC.md","Cboe SPX - Interaktive Broker Irland\"
"F:\06. KI\04_Wissen_Ressourcen\Web_Archiv\00_Web_Archiv_MOC.md","ALLIANZ SE NA O.N. Technische Analysen - Deutschland Aktien\"
"F:\06. KI\04_Wissen_Ressourcen\Web_Archiv\00_Web_Archiv_MOC.md","ProRealTime-Codebibliothek - ProRealCode\"
"F:\06. KI\04_Wissen_Ressourcen\Web_Archiv\00_Web_Archiv_MOC.md","ProRealTime codes library - ProRealCode\"
"F:\06. KI\04_Wissen_Ressourcen\Web_Archiv\00_Web_Archiv_MOC.md","Training programs - programming with ProRealTime - ProRealCode\"
"F:\06. KI\04_Wissen_Ressourcen\Web_Archiv\00_Web_Archiv_MOC.md","Dein News Feed\"
"F:\06. KI\04_Wissen_Ressourcen\Web_Archiv\00_Web_Archiv_MOC.md","Interactive Brokers - Portfolio??bersicht - Parqet\"
"F:\06. KI\04_Wissen_Ressourcen\Web_Archiv\00_Web_Archiv_MOC.md","Parqet - Dein Verm??gen immer im Blick\"
"F:\06. KI\04_Wissen_Ressourcen\Web_Archiv\00_Web_Archiv_MOC.md","ProRealTime - B??rsensoftware &amp; Trading-Plattform, Technische Analyse\"
"F:\06. KI\04_Wissen_Ressourcen\Web_Archiv\00_Web_Archiv_MOC.md","Automatisiertes Trading - ProOrder AutoTrading\"
"F:\06. KI\04_Wissen_Ressourcen\Web_Archiv\00_Web_Archiv_MOC.md","Warum die ProRealTime Trading-Plattform w??hlen-\"
"F:\06. KI\04_Wissen_Ressourcen\Web_Archiv\00_Web_Archiv_MOC.md","doccomplete_c1442925883c.pdf\"
"F:\06. KI\04_Wissen_Ressourcen\Web_Archiv\00_Web_Archiv_MOC.md","https---finviz.com-screener.ashx-v=111&amp;f=cap_midover,exch_nasd,ta_perf_1wdown,ta_sma20_pa,ta_sma200_pa&amp;ft=4\"
"F:\06. KI\04_Wissen_Ressourcen\Web_Archiv\00_Web_Archiv_MOC.md","Stock Screener - TA mid pos u1 pos pos usa o500 o10 o1 b0to10h 1w10o 4wup pa pa pa\"
"F:\06. KI\04_Wissen_Ressourcen\Web_Archiv\00_Web_Archiv_MOC.md","Umfassende Analyse von Finanzdaten - Koyfin\"
"F:\06. KI\04_Wissen_Ressourcen\Web_Archiv\00_Web_Archiv_MOC.md","Startseite - seasonax\"
"F:\06. KI\04_Wissen_Ressourcen\Web_Archiv\00_Web_Archiv_MOC.md","ActiveTrader - Consorsbank\"
"F:\06. KI\04_Wissen_Ressourcen\Web_Archiv\00_Web_Archiv_MOC.md","PointCab ??? Point Cloud Software Company\"
"F:\06. KI\04_Wissen_Ressourcen\Web_Archiv\00_Web_Archiv_MOC.md","Demokonto zum Trading von CFD, Forex und Futures bei WH SelfInvest\"
"F:\06. KI\04_Wissen_Ressourcen\Web_Archiv\00_Web_Archiv_MOC.md","WH SelfInvest- Futures, CFD, Devisen, Aktien u. Optionen. Niedrige Geb??hren. Legend??rer Service.\"
"F:\06. KI\04_Wissen_Ressourcen\Web_Archiv\00_Web_Archiv_MOC.md","Trading Platform - Trading Software - Charting - AgenaTrader\"
"F:\06. KI\04_Wissen_Ressourcen\Web_Archiv\00_Web_Archiv_MOC.md","Trading Software - kostenlose DemoVersion - AgenaTrader\"
"F:\06. KI\04_Wissen_Ressourcen\Web_Archiv\00_Web_Archiv_MOC.md","Trading lernen, damit mehr Zeit f??r das Wesentliche bleibt\"
"F:\06. KI\04_Wissen_Ressourcen\Web_Archiv\00_Web_Archiv_MOC.md","(125) 2. Startseite - YouTube\"
"F:\06. KI\04_Wissen_Ressourcen\Web_Archiv\00_Web_Archiv_MOC.md","Investieren oder Trading- - Admiral Markets\"
"F:\06. KI\04_Wissen_Ressourcen\Web_Archiv\00_Web_Archiv_MOC.md","CapTrader - Ihr Online Broker - captrader.com\"
"F:\06. KI\04_Wissen_Ressourcen\Web_Archiv\00_Web_Archiv_MOC.md","Neuronale Netze leicht gemacht (Teil 9)- Dokumentation der Arbeit - Artikel ??ber MQL5\"
"F:\06. KI\04_Wissen_Ressourcen\Web_Archiv\00_Web_Archiv_MOC.md","MQL5- automatischer Forex-Handel, Strategietester und Kundenindikatoren mit MetaTrader\"
"F:\06. KI\04_Wissen_Ressourcen\Web_Archiv\00_Web_Archiv_MOC.md","Smart investieren ??? das kann jetzt jeder - wikifolio.com\"
"F:\06. KI\04_Wissen_Ressourcen\Web_Archiv\00_Web_Archiv_MOC.md","Kraken Crypto Exchange - Buy crypto with peace of mind\"
"F:\06. KI\04_Wissen_Ressourcen\Web_Archiv\00_Web_Archiv_MOC.md","Startseite - QuantPedia\"
"F:\06. KI\04_Wissen_Ressourcen\Web_Archiv\00_Web_Archiv_MOC.md","HelloStocks\"
"F:\06. KI\04_Wissen_Ressourcen\Web_Archiv\00_Web_Archiv_MOC.md","monday - Home\"
"F:\06. KI\04_Wissen_Ressourcen\Web_Archiv\00_Web_Archiv_MOC.md","Libertex Deutschland ??? Regulierter Forex Broker ??? CFDs - ETFs - Crypto\"
"F:\06. KI\04_Wissen_Ressourcen\Web_Archiv\00_Web_Archiv_MOC.md","CFD-Spezifikation - Libertex.com\"
"F:\06. KI\04_Wissen_Ressourcen\Web_Archiv\00_Web_Archiv_MOC.md","Hauptportal - Libertex\"
"F:\06. KI\04_Wissen_Ressourcen\Web_Archiv\00_Web_Archiv_MOC.md","Home - Scalable Capital\"
"F:\06. KI\04_Wissen_Ressourcen\Web_Archiv\00_Web_Archiv_MOC.md","B??rse Stuttgart- Zu besten Preisen handeln - B??rse Stuttgart\"
"F:\06. KI\04_Wissen_Ressourcen\Web_Archiv\00_Web_Archiv_MOC.md","DER AKTION??R - Deutschlands gro??es B??rsenmagazin\"
"F:\06. KI\04_Wissen_Ressourcen\Web_Archiv\00_Web_Archiv_MOC.md","Investop??die\"
"F:\06. KI\04_Wissen_Ressourcen\Web_Archiv\00_Web_Archiv_MOC.md","IT-Finance - Informationstechnologie f??r Finanzen\"
"F:\06. KI\04_Wissen_Ressourcen\Web_Archiv\00_Web_Archiv_MOC.md","B??rsenNEWS.de\"
"F:\06. KI\04_Wissen_Ressourcen\Web_Archiv\00_Web_Archiv_MOC.md","Finanzfluss\"
"F:\06. KI\04_Wissen_Ressourcen\Web_Archiv\00_Web_Archiv_MOC.md","B??rse und Kurse- Aktuelle B??rsenkurse in Realtime abfragen - onvista\"
"F:\06. KI\04_Wissen_Ressourcen\Web_Archiv\00_Web_Archiv_MOC.md","News aus Wirtschaft und Politik - Wirtschaftsanzeiger\"
"F:\06. KI\04_Wissen_Ressourcen\Web_Archiv\00_Web_Archiv_MOC.md","Impressum &amp; Datenschutz - Aktienrunde vergleicht f??r Sie die wichtigsten Aktiendepots und Broker!\"
"F:\06. KI\04_Wissen_Ressourcen\Web_Archiv\00_Web_Archiv_MOC.md","Boersen-KnowHow ??? Was Sie schon immer ??ber die B??rse wissen wollten!\"
"F:\06. KI\04_Wissen_Ressourcen\Web_Archiv\00_Web_Archiv_MOC.md","Die besten Qualit??tsaktien der Welt finden und bewerten\"
"F:\06. KI\04_Wissen_Ressourcen\Web_Archiv\00_Web_Archiv_MOC.md","Vergleich - Konto, Finanzierung &amp; Energie\"
"F:\06. KI\04_Wissen_Ressourcen\Web_Archiv\00_Web_Archiv_MOC.md","Levermann-Strategie - Aktiencheckliste nach Susan Levermann\"
"F:\06. KI\04_Wissen_Ressourcen\Web_Archiv\00_Web_Archiv_MOC.md","Readly - Alle Magazine\"
"F:\06. KI\04_Wissen_Ressourcen\Web_Archiv\00_Web_Archiv_MOC.md","Investieren lernen ?? Finanzwissen\"
"F:\06. KI\04_Wissen_Ressourcen\Web_Archiv\00_Web_Archiv_MOC.md","Aktien-Report - erfolgreich mit Aktien &amp; ETFs\"
"F:\06. KI\04_Wissen_Ressourcen\Web_Archiv\00_Web_Archiv_MOC.md","MarketWatch- B??rsennachrichten - Finanznachrichten - MarketWatch\"
"F:\06. KI\04_Wissen_Ressourcen\Web_Archiv\00_Web_Archiv_MOC.md","Daniel Wassmer Investflow Interview\"
"F:\06. KI\04_Wissen_Ressourcen\Web_Archiv\00_Web_Archiv_MOC.md","Gruppe Deutsche B??rse - Gruppe Deutsche B??rse\"
"F:\06. KI\04_Wissen_Ressourcen\Web_Archiv\00_Web_Archiv_MOC.md","Wirtschaft TV - Online-Wirtschaftssender\"
"F:\06. KI\04_Wissen_Ressourcen\Web_Archiv\00_Web_Archiv_MOC.md","B??rsenblog eines Futures-H??ndlers- Video-Trading-Forum und B??rsenbildung\"
"F:\06. KI\04_Wissen_Ressourcen\Web_Archiv\00_Web_Archiv_MOC.md","HowMuch.net - Geld verstehen\"
"F:\06. KI\04_Wissen_Ressourcen\Web_Archiv\00_Web_Archiv_MOC.md","Dein unfairer Vorteil an der B??rse ??? Beating Beta\"
"F:\06. KI\04_Wissen_Ressourcen\Web_Archiv\00_Web_Archiv_MOC.md","Apollo News - Das Magazin f??r die Freiheit\"
"F:\06. KI\04_Wissen_Ressourcen\Web_Archiv\00_Web_Archiv_MOC.md","Startseite - HKCM\"
"F:\06. KI\04_Wissen_Ressourcen\Web_Archiv\00_Web_Archiv_MOC.md","Investment Guide\"
"F:\06. KI\04_Wissen_Ressourcen\Web_Archiv\00_Web_Archiv_MOC.md","Cash Management ??? Technologiefortschritte und zuk??nftige Trends - Unterm Strich\"
"F:\06. KI\04_Wissen_Ressourcen\Web_Archiv\00_Web_Archiv_MOC.md","Die komplette KI-gest??tzte Aktien-Research-Plattform - FinChat.io\"
"F:\06. KI\04_Wissen_Ressourcen\Web_Archiv\00_Web_Archiv_MOC.md","Der Krawattenlos Dividenden Score - Krawattenlos - Die Dividendenstrategie Experten\"
"F:\06. KI\04_Wissen_Ressourcen\Web_Archiv\00_Web_Archiv_MOC.md","(248) Tim Schaefer - YouTube\"
"F:\06. KI\04_Wissen_Ressourcen\Web_Archiv\00_Web_Archiv_MOC.md","gs.de - Knock-Outs, Optionsscheine, Faktor Optionsscheinen und andere Anlagezertifikate\"
"F:\06. KI\04_Wissen_Ressourcen\Web_Archiv\00_Web_Archiv_MOC.md","VIX Term Structure\"
"F:\06. KI\04_Wissen_Ressourcen\Web_Archiv\00_Web_Archiv_MOC.md","Ihr aktueller Depot-Vergleich - SZ.de-Vergleich\"
"F:\06. KI\04_Wissen_Ressourcen\Web_Archiv\00_Web_Archiv_MOC.md","dpa- Home\"
"F:\06. KI\04_Wissen_Ressourcen\Web_Archiv\00_Web_Archiv_MOC.md","Market-Chatter-Libertex ??? Telegram\"
"F:\06. KI\04_Wissen_Ressourcen\Web_Archiv\00_Web_Archiv_MOC.md","Google News - Gesch??ft - Aktuell\"
"F:\06. KI\04_Wissen_Ressourcen\Web_Archiv\00_Web_Archiv_MOC.md","Geld verdienen mit Aktien-Signalen - jetzt risikofrei testen!\"
"F:\06. KI\04_Wissen_Ressourcen\Web_Archiv\00_Web_Archiv_MOC.md","Trading Strategien f??r Einsteiger - Jetzt auf nextmarkets traden\"
"F:\06. KI\04_Wissen_Ressourcen\Web_Archiv\00_Web_Archiv_MOC.md","Christoph Geyer Seminare ??? Trading auf technischer Basis\"
"F:\06. KI\04_Wissen_Ressourcen\Web_Archiv\00_Web_Archiv_MOC.md","- Devisenhandel 2019 ??? W??hrungshandel online lernen - AvaTrade\"
"F:\06. KI\04_Wissen_Ressourcen\Web_Archiv\00_Web_Archiv_MOC.md","CLEAN POWER CAPITAL im Ausverkauf - onvista\"
"F:\06. KI\04_Wissen_Ressourcen\Web_Archiv\00_Web_Archiv_MOC.md","IG Deutschland- Handeln Sie CFDs, Turbo24, Barriers und Vanilla Options\"
"F:\06. KI\04_Wissen_Ressourcen\Web_Archiv\00_Web_Archiv_MOC.md","The Trading &amp; Investment Specialist - Saxo Group\"
"F:\06. KI\04_Wissen_Ressourcen\Web_Archiv\00_Web_Archiv_MOC.md","Wenn Warren Buffett recht hat, bringen diese acht Aktien bald viel... - DiePresse.com\"
"F:\06. KI\04_Wissen_Ressourcen\Web_Archiv\00_Web_Archiv_MOC.md","ProRealTime B??rsensoftware Erfahrungsbericht (Update 2021)\"
"F:\06. KI\04_Wissen_Ressourcen\Web_Archiv\00_Web_Archiv_MOC.md","11 Daytrading-Regeln, die funktionieren (Update 2021)\"
"F:\06. KI\04_Wissen_Ressourcen\Web_Archiv\00_Web_Archiv_MOC.md","Trading E-Books\"
"F:\06. KI\04_Wissen_Ressourcen\Web_Archiv\00_Web_Archiv_MOC.md","Digistore24\"
"F:\06. KI\04_Wissen_Ressourcen\Web_Archiv\00_Web_Archiv_MOC.md","IBKR Traders &#39;Academy - Kostenlose Online-Handelskurse\"
"F:\06. KI\04_Wissen_Ressourcen\Web_Archiv\00_Web_Archiv_MOC.md","Mit EUR-USD Trading-Signalen Geld verdienen\"
"F:\06. KI\04_Wissen_Ressourcen\Web_Archiv\00_Web_Archiv_MOC.md","Erfolgreich Investieren und Handeln durch profitables Trader-Wissen\"
"F:\06. KI\04_Wissen_Ressourcen\Web_Archiv\00_Web_Archiv_MOC.md","Die besten Zitate von Andr?? Kostolany - was wir noch heute lernen k??nnen\"
"F:\06. KI\04_Wissen_Ressourcen\Web_Archiv\00_Web_Archiv_MOC.md","Sparrechner - Zinsen online berechnen\"
"F:\06. KI\04_Wissen_Ressourcen\Web_Archiv\00_Web_Archiv_MOC.md","Mach mit! - fokusinvestor\"
"F:\06. KI\04_Wissen_Ressourcen\Web_Archiv\00_Web_Archiv_MOC.md","Traden Lernen - ThinkMarkets - DE\"
"F:\06. KI\04_Wissen_Ressourcen\Web_Archiv\00_Web_Archiv_MOC.md","stock3- DIE Homebase f??r Deinen B??rsenalltag - stock3\"
"F:\06. KI\04_Wissen_Ressourcen\Web_Archiv\00_Web_Archiv_MOC.md","Aktien-Index Daytrading - jetzt 14 Tage testen!\"
"F:\06. KI\04_Wissen_Ressourcen\Web_Archiv\00_Web_Archiv_MOC.md","Professionelles Daytrading - So werden Sie profitabel\"
"F:\06. KI\04_Wissen_Ressourcen\Web_Archiv\00_Web_Archiv_MOC.md","Nachrichten, aktuelle Schlagzeilen und Videos - n-tv.de\"
"F:\06. KI\04_Wissen_Ressourcen\Web_Archiv\00_Web_Archiv_MOC.md","Commodity Futures Trading Commission - CFTC\"
"F:\06. KI\04_Wissen_Ressourcen\Web_Archiv\00_Web_Archiv_MOC.md","SKEW Index - Definition, Berechnung &amp; Interpretation\"
"F:\06. KI\04_Wissen_Ressourcen\Web_Archiv\00_Web_Archiv_MOC.md","Einnahmefl??stern\"
"F:\06. KI\04_Wissen_Ressourcen\Web_Archiv\00_Web_Archiv_MOC.md","Statista - das Statistik-Portal- Statistiken, Marktdaten &amp; Studien\"
"F:\06. KI\04_Wissen_Ressourcen\Web_Archiv\00_Web_Archiv_MOC.md","Jens Rabe Academy\"
"F:\06. KI\04_Wissen_Ressourcen\Web_Archiv\00_Web_Archiv_MOC.md","TradingFreaks\"
"F:\06. KI\04_Wissen_Ressourcen\Web_Archiv\00_Web_Archiv_MOC.md","Ufunded\"
"F:\06. KI\04_Wissen_Ressourcen\Web_Archiv\00_Web_Archiv_MOC.md","C24 Bank - Online Banking\"
"F:\06. KI\04_Wissen_Ressourcen\Web_Archiv\00_Web_Archiv_MOC.md","Amazon Visa Karte\"
"F:\06. KI\04_Wissen_Ressourcen\Web_Archiv\00_Web_Archiv_MOC.md","Trade Republic. Investieren, zahlen, sparen.\"
"F:\06. KI\04_Wissen_Ressourcen\Web_Archiv\00_Web_Archiv_MOC.md","Login -??Scalable Capital\"
"F:\06. KI\04_Wissen_Ressourcen\Web_Archiv\00_Web_Archiv_MOC.md","Hauptdepot Finanz ??berblick - SMARTBROKER+\"
"F:\06. KI\04_Wissen_Ressourcen\Web_Archiv\00_Web_Archiv_MOC.md","eToro\"
"F:\06. KI\04_Wissen_Ressourcen\Web_Archiv\00_Web_Archiv_MOC.md","Mein Konto\"
"F:\06. KI\04_Wissen_Ressourcen\Web_Archiv\00_Web_Archiv_MOC.md","Exklusive PayCenter Kundenvorteile ?? VIMpay\"
"F:\06. KI\04_Wissen_Ressourcen\Web_Archiv\00_Web_Archiv_MOC.md","PayPal- ??bersicht\"
"F:\06. KI\04_Wissen_Ressourcen\Web_Archiv\00_Web_Archiv_MOC.md","Mein profil - bonify\"
"F:\06. KI\04_Wissen_Ressourcen\Web_Archiv\00_Web_Archiv_MOC.md","Selbstauskunft-direkt - Die kostenlose Selbstauskunft von der SCHUFA\"
"F:\06. KI\04_Wissen_Ressourcen\Web_Archiv\00_Web_Archiv_MOC.md","Telekom - Mobilfunk, Festnetz &amp; Internet, TV Angebote\"
"F:\06. KI\04_Wissen_Ressourcen\Web_Archiv\00_Web_Archiv_MOC.md","Mein ALDI TALK\"
"F:\06. KI\04_Wissen_Ressourcen\Web_Archiv\00_Web_Archiv_MOC.md","Dankeseite - MPU Idiotentest Fragen\"
"F:\06. KI\04_Wissen_Ressourcen\Web_Archiv\00_Web_Archiv_MOC.md","Allianz - Anmelden\"
"F:\06. KI\04_Wissen_Ressourcen\Web_Archiv\00_Web_Archiv_MOC.md","Rauchen aufh??ren &amp; Entzugsescheinungen- Tipps - Nicht-rauchen-kann.de - Nicht-rauchen-kann.de\"
"F:\06. KI\04_Wissen_Ressourcen\Web_Archiv\00_Web_Archiv_MOC.md","Startseite - Meine AOK\"
"F:\06. KI\04_Wissen_Ressourcen\Web_Archiv\00_Web_Archiv_MOC.md","TippenAkademie - das 10 Finger-System endlich im Griff\"
"F:\06. KI\04_Wissen_Ressourcen\Web_Archiv\00_Web_Archiv_MOC.md","(1) LinkedIn\"
"F:\06. KI\04_Wissen_Ressourcen\Web_Archiv\00_Web_Archiv_MOC.md","Jobb??rse StepStone ??? Jobs und Stellenangebote\"
"F:\06. KI\04_Wissen_Ressourcen\Web_Archiv\00_Web_Archiv_MOC.md","Jobb??rse im Allg??u, Regionale Stellenangebote - JOBS-im-Allg??u.de\"
"F:\06. KI\04_Wissen_Ressourcen\Web_Archiv\00_Web_Archiv_MOC.md","JOBB??RSE - JOBB??RSE der Bundesagentur f??r Arbeit - Deutschlands gr????tes Online-Jobportal\"
"F:\06. KI\04_Wissen_Ressourcen\Web_Archiv\00_Web_Archiv_MOC.md","NEW LANDING PAGE -\"
"F:\06. KI\04_Wissen_Ressourcen\Web_Archiv\00_Web_Archiv_MOC.md","Erfolgreich Englisch lernen- Die besten kostenlosen Online-Lernangebote\"
"F:\06. KI\04_Wissen_Ressourcen\Web_Archiv\00_Web_Archiv_MOC.md","Mark Maslow - Dranbleiben Fitness Coach (MarathonFitness)\"
"F:\06. KI\04_Wissen_Ressourcen\Web_Archiv\00_Web_Archiv_MOC.md","Danke - Bundesagentur f??r Arbeit\"
"F:\06. KI\04_Wissen_Ressourcen\Web_Archiv\00_Web_Archiv_MOC.md","Audible- H??rb??cher, H??rspiele &amp; Podcast - Kostenlos testen\"
"F:\06. KI\04_Wissen_Ressourcen\Web_Archiv\00_Web_Archiv_MOC.md","Aktuelle Nachrichten - NIUS.de\"
"F:\06. KI\04_Wissen_Ressourcen\Web_Archiv\00_Web_Archiv_MOC.md","Startseite ??? Stiles Machinery\"
"F:\06. KI\04_Wissen_Ressourcen\Web_Archiv\00_Web_Archiv_MOC.md","Khan Academy - Free Online Courses, Lessons &amp; Practice\"
"F:\06. KI\04_Wissen_Ressourcen\Web_Archiv\00_Web_Archiv_MOC.md","Camping Beau Rivage im Elsass zwischen Bergen, Seen und Fl??ssen\"
"F:\06. KI\04_Wissen_Ressourcen\Web_Archiv\00_Web_Archiv_MOC.md","Wein online kaufen - Senti Vini - Weine aus Italien\"
"F:\06. KI\04_Wissen_Ressourcen\Web_Archiv\00_Web_Archiv_MOC.md","Avanti on Tour\"
"F:\06. KI\04_Wissen_Ressourcen\Web_Archiv\00_Web_Archiv_MOC.md","park4night - Teilt sch??ne Orte, Wohnmobilstellpl??tze, Camping- und Parkpl??tze\"
"F:\06. KI\04_Wissen_Ressourcen\Web_Archiv\00_Web_Archiv_MOC.md","Flug-Angebote vergleichen &amp; G??nstige Flugtickets buchen - Opodo\"
"F:\06. KI\04_Wissen_Ressourcen\Web_Archiv\00_Web_Archiv_MOC.md","Bundesliga-Tipphilfe 2022-2023- Prognosen &amp; Tipps f??r Tippspiele\"
"F:\06. KI\04_Wissen_Ressourcen\Web_Archiv\00_Web_Archiv_MOC.md","Meine Tipprunden - kicktipp\"
"F:\06. KI\04_Wissen_Ressourcen\Web_Archiv\00_Web_Archiv_MOC.md","Olympischer Zeitplan und Ergebnisse - Olympische Spiele Milano Cortina 2026\"
"F:\06. KI\04_Wissen_Ressourcen\Web_Archiv\00_Web_Archiv_MOC.md","ELSTER - Best??tigung Logout\"
"F:\06. KI\04_Wissen_Ressourcen\Web_Archiv\00_Web_Archiv_MOC.md","ELSTER - Wichtige Hinweise\"
"F:\06. KI\04_Wissen_Ressourcen\Web_Archiv\00_Web_Archiv_MOC.md","Zoll-Portal - Anmeldung und Registrierung\"
"F:\06. KI\04_Wissen_Ressourcen\Web_Archiv\00_Web_Archiv_MOC.md","Ihre Steuererkl??rungen mit CHECK24 Steuer\"
"F:\06. KI\04_Wissen_Ressourcen\Web_Archiv\00_Web_Archiv_MOC.md","Wagner M??bel Manufaktur- Kontakt, ??ffnungszeiten, Anfrage\"
"F:\06. KI\04_Wissen_Ressourcen\Web_Archiv\00_Web_Archiv_MOC.md","Jobsuche mit Premium Jobs ?? Experteer\"
"F:\06. KI\04_Wissen_Ressourcen\Web_Archiv\00_Web_Archiv_MOC.md","Start - XING\"
"F:\06. KI\04_Wissen_Ressourcen\Web_Archiv\00_Web_Archiv_MOC.md","Kontakte finden - XING\"
"F:\06. KI\04_Wissen_Ressourcen\Web_Archiv\00_Web_Archiv_MOC.md","DIS AG - ??bersicht\"
"F:\06. KI\04_Wissen_Ressourcen\Web_Archiv\00_Web_Archiv_MOC.md","In 10 Schritten zu einem guten Projektplan mit MS Project\"
"F:\06. KI\04_Wissen_Ressourcen\Web_Archiv\00_Web_Archiv_MOC.md","Englisch lernen online - New TEST -\"
"F:\06. KI\04_Wissen_Ressourcen\Web_Archiv\00_Web_Archiv_MOC.md","Schreinermeister Jobs in Kaufbeuren, BAYERN. Kaufbeuren Schreinermeister Jobs - Monster.de\"
"F:\06. KI\04_Wissen_Ressourcen\Web_Archiv\00_Web_Archiv_MOC.md","Justizportal - Verfahren\"
"F:\06. KI\04_Wissen_Ressourcen\Web_Archiv\00_Web_Archiv_MOC.md","Warenwirtschaft, Onlineshop-, Ebay- und Amazon-Schnittstelle\"
"F:\06. KI\04_Wissen_Ressourcen\Web_Archiv\00_Web_Archiv_MOC.md","Dokumentation zu JTL-Wawi ??? JTLWiki\"
"F:\06. KI\04_Wissen_Ressourcen\Web_Archiv\00_Web_Archiv_MOC.md","eazyAuction\"
"F:\06. KI\04_Wissen_Ressourcen\Web_Archiv\00_Web_Archiv_MOC.md","Contents ??? XtCommerce Dokumentation\"
"F:\06. KI\04_Wissen_Ressourcen\Web_Archiv\00_Web_Archiv_MOC.md","Sage Software - Nutzen Sie professionelle Software von Sage\"
"F:\06. KI\04_Wissen_Ressourcen\Web_Archiv\00_Web_Archiv_MOC.md","Professionelle ERP-Software, Webshop &amp; umfassende Services- 4SELLERS\"
"F:\06. KI\04_Wissen_Ressourcen\Web_Archiv\00_Web_Archiv_MOC.md","4SELLERS ??? ERP, Lagerlogistik und Omni-Channel f??r Vision??re im Onlinehandel\"
"F:\06. KI\04_Wissen_Ressourcen\Web_Archiv\00_Web_Archiv_MOC.md","Free DynDNS Account - selfhost\"
"F:\06. KI\04_Wissen_Ressourcen\Web_Archiv\00_Web_Archiv_MOC.md","DEPOT Online-Shop - M??bel, Wohnaccessoires und Deko-Artikel - DE\"
"F:\06. KI\04_Wissen_Ressourcen\Web_Archiv\00_Web_Archiv_MOC.md","www.donathcreativ.de\"
"F:\06. KI\04_Wissen_Ressourcen\Web_Archiv\00_Web_Archiv_MOC.md","Pracht Creatives Hobby GmbH\"
"F:\06. KI\04_Wissen_Ressourcen\Web_Archiv\00_Web_Archiv_MOC.md","EFCO-Hobbyprodukte Das gro??e Bastelsortiment bietet beste Qualit??t f??r Ihr Hobby\"
"F:\06. KI\04_Wissen_Ressourcen\Web_Archiv\00_Web_Archiv_MOC.md","KNORR Prandell Creative GmbH\"
"F:\06. KI\04_Wissen_Ressourcen\Web_Archiv\00_Web_Archiv_MOC.md","RAYHER HOBBY GmbH\"
"F:\06. KI\04_Wissen_Ressourcen\Web_Archiv\00_Web_Archiv_MOC.md","Willkommen bei Marabu\"
"F:\06. KI\04_Wissen_Ressourcen\Web_Archiv\00_Web_Archiv_MOC.md","Willkommen bei Hobbyring\"
"F:\06. KI\04_Wissen_Ressourcen\Web_Archiv\00_Web_Archiv_MOC.md","WWW.IDEEN.COM ?? Schmidt &amp; Bleicher ?? Silk, Seide, Soie, Seda, Seta ?? FLYFEL ?? Nuno, Nuno-Filzen, Nuno-Felting ?? Seidenmalerei,\"
"F:\06. KI\04_Wissen_Ressourcen\Web_Archiv\00_Web_Archiv_MOC.md","C. KREUL\"
"F:\06. KI\04_Wissen_Ressourcen\Web_Archiv\00_Web_Archiv_MOC.md","Artoz Papier AG, CH-Lenzburg\"
"F:\06. KI\04_Wissen_Ressourcen\Web_Archiv\00_Web_Archiv_MOC.md","R??merturm - Home\"
"F:\06. KI\04_Wissen_Ressourcen\Web_Archiv\00_Web_Archiv_MOC.md","frechverlag\"
"F:\06. KI\04_Wissen_Ressourcen\Web_Archiv\00_Web_Archiv_MOC.md","Christophorus Verlag\"
"F:\06. KI\04_Wissen_Ressourcen\Web_Archiv\00_Web_Archiv_MOC.md","OZ Verlag Der gro??e OZ-Adventskalender\"
"F:\06. KI\04_Wissen_Ressourcen\Web_Archiv\00_Web_Archiv_MOC.md","Edition M. Fischer\"
"F:\06. KI\04_Wissen_Ressourcen\Web_Archiv\00_Web_Archiv_MOC.md","Bastelbasis.de\"
"F:\06. KI\04_Wissen_Ressourcen\Web_Archiv\00_Web_Archiv_MOC.md","Carstens GmbH\"
"F:\06. KI\04_Wissen_Ressourcen\Web_Archiv\00_Web_Archiv_MOC.md","Die Wollfabrik M??nchengladbach - Die Wollfabrik M??nchengladbach liefert naturbelassene Wolle\"
"F:\06. KI\04_Wissen_Ressourcen\Web_Archiv\00_Web_Archiv_MOC.md","fanci DESIGN Hobbyprodukte - kreatives Basteln mit Perlen und anderen hochwertigen Bastelartikeln\"
"F:\06. KI\04_Wissen_Ressourcen\Web_Archiv\00_Web_Archiv_MOC.md","HOBBYFun - D-96215 Lichtenfels - CREApop - Reliefgiessen - Seifegiessen - Giessformen - Bastelbedarf\"
"F:\06. KI\04_Wissen_Ressourcen\Web_Archiv\00_Web_Archiv_MOC.md","Johannes Zemlin GmbH\"
"F:\06. KI\04_Wissen_Ressourcen\Web_Archiv\00_Web_Archiv_MOC.md","Krippen D??rr in Hohenfurch\"
"F:\06. KI\04_Wissen_Ressourcen\Web_Archiv\00_Web_Archiv_MOC.md","Lampen Leuchtmittel  Leuchtmittelmarkt  LED  Onlineshop\"
"F:\06. KI\04_Wissen_Ressourcen\Web_Archiv\00_Web_Archiv_MOC.md","Pelikan, die Marke f??r hochwertige Schreibger??te, Schule, B??ro, Farben\"
"F:\06. KI\04_Wissen_Ressourcen\Web_Archiv\00_Web_Archiv_MOC.md","Willkommen bei HobbyArt\"
"F:\06. KI\04_Wissen_Ressourcen\Web_Archiv\00_Web_Archiv_MOC.md","Startseite - Schmincke\"
"F:\06. KI\04_Wissen_Ressourcen\Web_Archiv\00_Web_Archiv_MOC.md","H. Schmincke &amp; Co. GmbH &amp; Co. KG\"
"F:\06. KI\04_Wissen_Ressourcen\Web_Archiv\00_Web_Archiv_MOC.md","K??nstlerbedarf - Daler Rowney\"
"F:\06. KI\04_Wissen_Ressourcen\Web_Archiv\00_Web_Archiv_MOC.md","--- rotbart ---\"
"F:\06. KI\04_Wissen_Ressourcen\Web_Archiv\00_Web_Archiv_MOC.md","Rhinestone Transfers, Custom Rhinestone Transfers, Iron on Custom Rhinestone - CSTOWN\"
"F:\06. KI\04_Wissen_Ressourcen\Web_Archiv\00_Web_Archiv_MOC.md","www.ehawa-shop.de-Startseite\"
"F:\06. KI\04_Wissen_Ressourcen\Web_Archiv\00_Web_Archiv_MOC.md","FDI - E-Commerce Agentur, OXID Agentur, Internetagentur, CMS und IBM Software Lotus\"
"F:\06. KI\04_Wissen_Ressourcen\Web_Archiv\00_Web_Archiv_MOC.md","Pinsel von da Vinci- Kosmetikpinsel K??nstlerpinsel Nailpinsel\"
"F:\06. KI\04_Wissen_Ressourcen\Web_Archiv\00_Web_Archiv_MOC.md","Image Library\"
"F:\06. KI\04_Wissen_Ressourcen\Web_Archiv\00_Web_Archiv_MOC.md","Efco Professional Line\"
"F:\06. KI\04_Wissen_Ressourcen\Web_Archiv\00_Web_Archiv_MOC.md","Creativ Markt Butterer\"
"F:\06. KI\04_Wissen_Ressourcen\Web_Archiv\00_Web_Archiv_MOC.md","Globos Luftballon GmbH\"
"F:\06. KI\04_Wissen_Ressourcen\Web_Archiv\00_Web_Archiv_MOC.md","ART SELECT - K??nstlerbedarf seit ??ber 15 Jahren\"
"F:\06. KI\04_Wissen_Ressourcen\Web_Archiv\00_Web_Archiv_MOC.md","Hahnem??hle - Hahnem??hle FineArts\"
"F:\06. KI\04_Wissen_Ressourcen\Web_Archiv\00_Web_Archiv_MOC.md","Lichtwerbung, Au??enleuchten, Werbeleuchten, Scheinwerfer bei lichtloesung.de\"
"F:\06. KI\04_Wissen_Ressourcen\Web_Archiv\00_Web_Archiv_MOC.md","Buntpapierfabrik Ludwig B??hr GmbH &amp; Co.KG Ihr Fachmann f??r Buntpapier, Papier und Basteln, Schreibwaren, Malen und vieles mehr\"
"F:\06. KI\04_Wissen_Ressourcen\Web_Archiv\00_Web_Archiv_MOC.md","staedtler.de- STAEDTLER\"
"F:\06. KI\04_Wissen_Ressourcen\Web_Archiv\00_Web_Archiv_MOC.md","Jodeco Glas\"
"F:\06. KI\04_Wissen_Ressourcen\Web_Archiv\00_Web_Archiv_MOC.md","Kalender - Schule - Papeterie - BRUNNEN\"
"F:\06. KI\04_Wissen_Ressourcen\Web_Archiv\00_Web_Archiv_MOC.md","Startseite\"
"F:\06. KI\04_Wissen_Ressourcen\Web_Archiv\00_Web_Archiv_MOC.md","Strohroemer.de Kranzbinderei Schmeller, der Spezialist f??r Strohr??mer\"
"F:\06. KI\04_Wissen_Ressourcen\Web_Archiv\00_Web_Archiv_MOC.md","zumtobel\"
"F:\06. KI\04_Wissen_Ressourcen\Web_Archiv\00_Web_Archiv_MOC.md","Hans Wolbring GmbH - Keramischer Bedarf\"
"F:\06. KI\04_Wissen_Ressourcen\Web_Archiv\00_Web_Archiv_MOC.md","CREARTEC??- Creartec\"
"F:\06. KI\04_Wissen_Ressourcen\Web_Archiv\00_Web_Archiv_MOC.md","Homepage\"
"F:\06. KI\04_Wissen_Ressourcen\Web_Archiv\00_Web_Archiv_MOC.md","Naturdeko und Bastelartikel bei ??? NADECO ???\"
"F:\06. KI\04_Wissen_Ressourcen\Web_Archiv\00_Web_Archiv_MOC.md","hbs.hotex.de-hotex-quickorder-current-#-\"
"F:\06. KI\04_Wissen_Ressourcen\Web_Archiv\00_Web_Archiv_MOC.md","Willkommen bei JAMARA, JAMARA-Modelltechnik, JAMARA-Toys, JAMARA-Solar. RC Modellbau Ferngesteuerte Autos Flugmodelle Helikopte\"
"F:\06. KI\04_Wissen_Ressourcen\Web_Archiv\00_Web_Archiv_MOC.md","CARSON MODEL-SPORT News\"
"F:\06. KI\04_Wissen_Ressourcen\Web_Archiv\00_Web_Archiv_MOC.md","Horizon Hobby\"
"F:\06. KI\04_Wissen_Ressourcen\Web_Archiv\00_Web_Archiv_MOC.md","Krick Modelle, Modellbau vom Besten RC Autos, Flugzeuge, und Schiffe\"
"F:\06. KI\04_Wissen_Ressourcen\Web_Archiv\00_Web_Archiv_MOC.md","KYOSHO Deutschland Online\"
"F:\06. KI\04_Wissen_Ressourcen\Web_Archiv\00_Web_Archiv_MOC.md","DICKIE - TAMIYA  Home\"
"F:\06. KI\04_Wissen_Ressourcen\Web_Archiv\00_Web_Archiv_MOC.md","DICKIE - TAMIYA  PREMIUMH??NDLER  Login - PREMIUMH??NDLER\"
"F:\06. KI\04_Wissen_Ressourcen\Web_Archiv\00_Web_Archiv_MOC.md","Graupner\"
"F:\06. KI\04_Wissen_Ressourcen\Web_Archiv\00_Web_Archiv_MOC.md","Graupner Modellbau Home\"
"F:\06. KI\04_Wissen_Ressourcen\Web_Archiv\00_Web_Archiv_MOC.md","Graupner H??ndler Informations System\"
"F:\06. KI\04_Wissen_Ressourcen\Web_Archiv\00_Web_Archiv_MOC.md","http--www.hacker-motor-shop.com-\"
"F:\06. KI\04_Wissen_Ressourcen\Web_Archiv\00_Web_Archiv_MOC.md","Hansa-Airbrush\"
"F:\06. KI\04_Wissen_Ressourcen\Web_Archiv\00_Web_Archiv_MOC.md","Hoffmann Spielwaren\"
"F:\06. KI\04_Wissen_Ressourcen\Web_Archiv\00_Web_Archiv_MOC.md","Hoffmann Spielwaren - Historie\"
"F:\06. KI\04_Wissen_Ressourcen\Web_Archiv\00_Web_Archiv_MOC.md","Hopf Modelltechnik SHOP\"
"F:\06. KI\04_Wissen_Ressourcen\Web_Archiv\00_Web_Archiv_MOC.md","Modellbau Akkus Stefansliposhop\"
"F:\06. KI\04_Wissen_Ressourcen\Web_Archiv\00_Web_Archiv_MOC.md","Multiplex Modellsport\"
"F:\06. KI\04_Wissen_Ressourcen\Web_Archiv\00_Web_Archiv_MOC.md","Ripmax Trade Website\"
"F:\06. KI\04_Wissen_Ressourcen\Web_Archiv\00_Web_Archiv_MOC.md","Simprop electronic\"
"F:\06. KI\04_Wissen_Ressourcen\Web_Archiv\00_Web_Archiv_MOC.md","THREE-C --- cosmopolitan commerce company ---\"
"F:\06. KI\04_Wissen_Ressourcen\Web_Archiv\00_Web_Archiv_MOC.md","Vektor Modelltechnik - www.Vektor-Technik.de\"
"F:\06. KI\04_Wissen_Ressourcen\Web_Archiv\00_Web_Archiv_MOC.md","file----C--Dokumente%20und%20Einstellungen-Administrator.HOBBY-Desktop-WG%20Teileliste%20Gyro%20NO.htm\"
"F:\06. KI\04_Wissen_Ressourcen\Web_Archiv\00_Web_Archiv_MOC.md","Heller Deutschland GmbH\"
"F:\06. KI\04_Wissen_Ressourcen\Web_Archiv\00_Web_Archiv_MOC.md","Donau Elektronik\"
"F:\06. KI\04_Wissen_Ressourcen\Web_Archiv\00_Web_Archiv_MOC.md","DF-Models - Drive &amp; Fly Models\"
"F:\06. KI\04_Wissen_Ressourcen\Web_Archiv\00_Web_Archiv_MOC.md","robbe Modellsport\"
"F:\06. KI\04_Wissen_Ressourcen\Web_Archiv\00_Web_Archiv_MOC.md","Mein Benutzerkonto\"
"F:\06. KI\04_Wissen_Ressourcen\Web_Archiv\00_Web_Archiv_MOC.md","H??ckmann - Ihr B2B Shop f??r Akkus, Batterien, Taschenlampen und Lader\"
"F:\06. KI\04_Wissen_Ressourcen\Web_Archiv\00_Web_Archiv_MOC.md","PowerBox Systems - PowerBox Gemini II\"
"F:\06. KI\04_Wissen_Ressourcen\Web_Archiv\00_Web_Archiv_MOC.md","RAYHER HOBBY - Der Onlineshop f??r Bastelbedarf und Bastelmaterial, Perlenschmuck und Acrylfarben.\"
"F:\06. KI\04_Wissen_Ressourcen\Web_Archiv\00_Web_Archiv_MOC.md","ALDI S??D - Startseite\"
"F:\06. KI\04_Wissen_Ressourcen\Web_Archiv\00_Web_Archiv_MOC.md","Irseer Kreis Versand\"
"F:\06. KI\04_Wissen_Ressourcen\Web_Archiv\00_Web_Archiv_MOC.md","Bastelfraus Home\"
"F:\06. KI\04_Wissen_Ressourcen\Web_Archiv\00_Web_Archiv_MOC.md","Bildungswerk St. Severin - Kunstschule Allg??u in Leinau\"
"F:\06. KI\04_Wissen_Ressourcen\Web_Archiv\00_Web_Archiv_MOC.md","Buttinette - Basteln ??? N??hen ??? Handarbeiten (1)\"
"F:\06. KI\04_Wissen_Ressourcen\Web_Archiv\00_Web_Archiv_MOC.md","CREATIV DISCOUNT\"
"F:\06. KI\04_Wissen_Ressourcen\Web_Archiv\00_Web_Archiv_MOC.md","Foto Walser - Spezialversand\"
"F:\06. KI\04_Wissen_Ressourcen\Web_Archiv\00_Web_Archiv_MOC.md","Gartengestaltung Schellheimer in Wildpoldsried im Allg??u, Gartenbau und Landschaftsbau\"
"F:\06. KI\04_Wissen_Ressourcen\Web_Archiv\00_Web_Archiv_MOC.md","Herzlich Willkommen bei hobby24shop.de\"
"F:\06. KI\04_Wissen_Ressourcen\Web_Archiv\00_Web_Archiv_MOC.md","Hobby-Fietkau Der Fachversand f??r Malen, Basteln, Zeichen, Werken.\"
"F:\06. KI\04_Wissen_Ressourcen\Web_Archiv\00_Web_Archiv_MOC.md","Hobby-Lill GmbH\"
"F:\06. KI\04_Wissen_Ressourcen\Web_Archiv\00_Web_Archiv_MOC.md","http--www.rustika-schmuck.de-\"
"F:\06. KI\04_Wissen_Ressourcen\Web_Archiv\00_Web_Archiv_MOC.md","idee-creativ\"
"F:\06. KI\04_Wissen_Ressourcen\Web_Archiv\00_Web_Archiv_MOC.md","Kunstschule Allg??u - ??kumenische Abtei St. Severin - Ostermarkt 2003\"
"F:\06. KI\04_Wissen_Ressourcen\Web_Archiv\00_Web_Archiv_MOC.md","Kunstschule Allg??u in Leinau\"
"F:\06. KI\04_Wissen_Ressourcen\Web_Archiv\00_Web_Archiv_MOC.md","Mica-Versand - Home\"
"F:\06. KI\04_Wissen_Ressourcen\Web_Archiv\00_Web_Archiv_MOC.md","Willkommen bei activ-creativ  Bastelbedarf  K??nstlerbedarf  Handarbeitsbedarf\"
"F:\06. KI\04_Wissen_Ressourcen\Web_Archiv\00_Web_Archiv_MOC.md","www.kreativ-store.de\"
"F:\06. KI\04_Wissen_Ressourcen\Web_Archiv\00_Web_Archiv_MOC.md","Basteln-Selbermachen.de\"
"F:\06. KI\04_Wissen_Ressourcen\Web_Archiv\00_Web_Archiv_MOC.md","idee. Shop\"
"F:\06. KI\04_Wissen_Ressourcen\Web_Archiv\00_Web_Archiv_MOC.md","showtube - Startseite\"
"F:\06. KI\04_Wissen_Ressourcen\Web_Archiv\00_Web_Archiv_MOC.md","BASTELSHOP.com - Ihre Quelle f??r Ihr Hobby\"
"F:\06. KI\04_Wissen_Ressourcen\Web_Archiv\00_Web_Archiv_MOC.md","Besthobby\"
"F:\06. KI\04_Wissen_Ressourcen\Web_Archiv\00_Web_Archiv_MOC.md","Belly Deluxe - Sch??nes rund um den Babybauch und die Babyzeit\"
"F:\06. KI\04_Wissen_Ressourcen\Web_Archiv\00_Web_Archiv_MOC.md","Bastlerboutique\"
"F:\06. KI\04_Wissen_Ressourcen\Web_Archiv\00_Web_Archiv_MOC.md","www.lisema-hobby.de\"
"F:\06. KI\04_Wissen_Ressourcen\Web_Archiv\00_Web_Archiv_MOC.md","Alpenherzen Filz, sortiert, 57 x 55 mm, 6 Stk., rot-3449228\"
"F:\06. KI\04_Wissen_Ressourcen\Web_Archiv\00_Web_Archiv_MOC.md","Brennofen-Handel - Onlineshop\"
"F:\06. KI\04_Wissen_Ressourcen\Web_Archiv\00_Web_Archiv_MOC.md","KleineShopWelt - sicheres Online Shopping!\"
"F:\06. KI\04_Wissen_Ressourcen\Web_Archiv\00_Web_Archiv_MOC.md","KUNSTPARK K??nstlerbedarf &amp; Zeichenbedarf\"
"F:\06. KI\04_Wissen_Ressourcen\Web_Archiv\00_Web_Archiv_MOC.md","ECKSTEIN KREATIV - Bastelshop, Bastelbedarf, Basteln Online Shop\"
"F:\06. KI\04_Wissen_Ressourcen\Web_Archiv\00_Web_Archiv_MOC.md","Basteln - Bastelbedarf - Buttinette Bastelshop\"
"F:\06. KI\04_Wissen_Ressourcen\Web_Archiv\00_Web_Archiv_MOC.md","Der Perlen-Onlineshop - Schmuckperlen-Depot - Pracht-Perlen\"
"F:\06. KI\04_Wissen_Ressourcen\Web_Archiv\00_Web_Archiv_MOC.md","Keilrahmen &amp; K??nstlerfarben - Keilrahmen-Depot\"
"F:\06. KI\04_Wissen_Ressourcen\Web_Archiv\00_Web_Archiv_MOC.md","Bastelartikel - Bastelbedarf, K??nstlermaterial - Kreativ-Depot Bastelshop\"
"F:\06. KI\04_Wissen_Ressourcen\Web_Archiv\00_Web_Archiv_MOC.md","Michaels Craft Stores - Art Supplies &amp; Custom Framing - Michaels\"
"F:\06. KI\04_Wissen_Ressourcen\Web_Archiv\00_Web_Archiv_MOC.md","- Monkeytoys.de\"
"F:\06. KI\04_Wissen_Ressourcen\Web_Archiv\00_Web_Archiv_MOC.md","Amazon.de Silverlit 85657 - X-Twin Jet Spielwaren &amp; Kinderwelt\"
"F:\06. KI\04_Wissen_Ressourcen\Web_Archiv\00_Web_Archiv_MOC.md","Conrad Electronic - Europas f??hrendes Versandhandelsunternehmen f??r Elektronik und Technik\"
"F:\06. KI\04_Wissen_Ressourcen\Web_Archiv\00_Web_Archiv_MOC.md","D-Edition  Ihr Profi fuer Autotuning, Car Hifi und RC Modellbau in Franken, Onlineshop\"
"F:\06. KI\04_Wissen_Ressourcen\Web_Archiv\00_Web_Archiv_MOC.md","Gustav Staufenbiel GmbH\"
"F:\06. KI\04_Wissen_Ressourcen\Web_Archiv\00_Web_Archiv_MOC.md","Hobbyhaus.de ??? Modellbau mit Service\"
"F:\06. KI\04_Wissen_Ressourcen\Web_Archiv\00_Web_Archiv_MOC.md","JOJO Modellbau Fachh??ndler f??r Modellbau\"
"F:\06. KI\04_Wissen_Ressourcen\Web_Archiv\00_Web_Archiv_MOC.md","Modellbau H??rtle - Die ganze Welt des Modellbaus\"
"F:\06. KI\04_Wissen_Ressourcen\Web_Archiv\00_Web_Archiv_MOC.md","Modellbau Koch - Ihr Partner f??r Freizeitspa??\"
"F:\06. KI\04_Wissen_Ressourcen\Web_Archiv\00_Web_Archiv_MOC.md","Natterer Modellbau-Shop\"
"F:\06. KI\04_Wissen_Ressourcen\Web_Archiv\00_Web_Archiv_MOC.md","Raptoren - Raptor-World\"
"F:\06. KI\04_Wissen_Ressourcen\Web_Archiv\00_Web_Archiv_MOC.md","wiggerich-modellbau\"
"F:\06. KI\04_Wissen_Ressourcen\Web_Archiv\00_Web_Archiv_MOC.md","Willkommen bei Modellbau Lindinger\"
"F:\06. KI\04_Wissen_Ressourcen\Web_Archiv\00_Web_Archiv_MOC.md","Mini-Helikopter mit Pro-Idee-Service und -Garantie bestellen.\"
"F:\06. KI\04_Wissen_Ressourcen\Web_Archiv\00_Web_Archiv_MOC.md","ikt2014.org- Internationaler Kirchentag 2014\"
"F:\06. KI\04_Wissen_Ressourcen\Web_Archiv\00_Web_Archiv_MOC.md","HRS - HOTEL RESERVATION SERVICE\"
"F:\06. KI\04_Wissen_Ressourcen\Web_Archiv\00_Web_Archiv_MOC.md","Paperworld Frankfurt - Home\"
"F:\06. KI\04_Wissen_Ressourcen\Web_Archiv\00_Web_Archiv_MOC.md","Faszination Modellbau - Ausstellung f??r Modellbahnen und Modellsport\"
"F:\06. KI\04_Wissen_Ressourcen\Web_Archiv\00_Web_Archiv_MOC.md","Spielwarenmesse N??rnberg- Organizer\"
"F:\06. KI\04_Wissen_Ressourcen\Web_Archiv\00_Web_Archiv_MOC.md","Insider-Infos - Paperworld Insider\"
"F:\06. KI\04_Wissen_Ressourcen\Web_Archiv\00_Web_Archiv_MOC.md","Download microsoft office 2010 kostenlos vollversion\"
"F:\06. KI\04_Wissen_Ressourcen\Web_Archiv\00_Web_Archiv_MOC.md","Hoffmann Company Onlineshop\"
"F:\06. KI\04_Wissen_Ressourcen\Web_Archiv\00_Web_Archiv_MOC.md","Hoffmann Spielwaren Kundenlogin\"
"F:\06. KI\04_Wissen_Ressourcen\Web_Archiv\00_Web_Archiv_MOC.md","http--www.toysandpaper.at-\"
"F:\06. KI\04_Wissen_Ressourcen\Web_Archiv\00_Web_Archiv_MOC.md","diedruckerei.de ??? Ihre Online Druckerei f??r Drucksachen im Offsetdruck und Digitaldruck! Flyer, DIN-A6 - Standardflyer Flyer\"
"F:\06. KI\04_Wissen_Ressourcen\Web_Archiv\00_Web_Archiv_MOC.md","Enk IT GmbH - Flyer DIN A5 - Artikelpreise\"
"F:\06. KI\04_Wissen_Ressourcen\Web_Archiv\00_Web_Archiv_MOC.md","Polypropylenetiketten auf Rolle, wiederabl??sbar, wei??, 76 mm Rollenkern\"
"F:\06. KI\04_Wissen_Ressourcen\Web_Archiv\00_Web_Archiv_MOC.md","Sparkassen-Shoppingportal Partnerbereich\"
"F:\06. KI\04_Wissen_Ressourcen\Web_Archiv\00_Web_Archiv_MOC.md","Keyword-Planer ??? Google AdWords\"
"F:\06. KI\04_Wissen_Ressourcen\Web_Archiv\00_Web_Archiv_MOC.md","Search Console - Startseite\"
"F:\06. KI\04_Wissen_Ressourcen\Web_Archiv\00_Web_Archiv_MOC.md","Search Console - Dashboard - http---shop24-365.de-\"
"F:\06. KI\04_Wissen_Ressourcen\Web_Archiv\00_Web_Archiv_MOC.md","Beste Online-Kurse - Udemy\"
"F:\06. KI\04_Wissen_Ressourcen\Web_Archiv\00_Web_Archiv_MOC.md","Die Berater - Websites, Google Optimierung aus Dresden\"
"F:\06. KI\04_Wissen_Ressourcen\Web_Archiv\00_Web_Archiv_MOC.md","Google Analytics\"
"F:\06. KI\04_Wissen_Ressourcen\Web_Archiv\00_Web_Archiv_MOC.md","MarketSalesLeader - MarketSalesLeader\"
"F:\06. KI\04_Wissen_Ressourcen\Web_Archiv\00_Web_Archiv_MOC.md","Rundfunkhaus Allg??u\"
"F:\06. KI\04_Wissen_Ressourcen\Web_Archiv\00_Web_Archiv_MOC.md","myKlickCard\"
"F:\06. KI\04_Wissen_Ressourcen\Web_Archiv\00_Web_Archiv_MOC.md","Zur Amtsniederlegung des Alleingesch??ftsf??hrers einer GmbH - Recht - Haufe\"
"F:\06. KI\04_Wissen_Ressourcen\Web_Archiv\00_Web_Archiv_MOC.md","Pflichten und Befugnisse im Insolvenzverfahren - Anwalt f??r Arbeitsrecht\"
"F:\06. KI\04_Wissen_Ressourcen\Web_Archiv\00_Web_Archiv_MOC.md","Insolvenzprognoseverfahren ??? Wikipedia\"
"F:\06. KI\04_Wissen_Ressourcen\Web_Archiv\00_Web_Archiv_MOC.md","Insolvenzordnung (Deutschland) ??? Wikipedia\"
"F:\06. KI\04_Wissen_Ressourcen\Web_Archiv\00_Web_Archiv_MOC.md","Amtsniederlegung durch den GmbH-Gesch??ftsf??hrer - diese Entscheidung sollte man kennen - anwalt24.de\"
"F:\06. KI\04_Wissen_Ressourcen\Web_Archiv\00_Web_Archiv_MOC.md","GmbH-Gesch??ftsf??hrer - Abberufung, K??ndigung, Amtsniederlegung - alle Infos\"
"F:\06. KI\04_Wissen_Ressourcen\Web_Archiv\00_Web_Archiv_MOC.md","O??? Banking\"
"F:\06. KI\04_Wissen_Ressourcen\Web_Archiv\00_Web_Archiv_MOC.md","SCHUFA - Wir schaffen Vertrauen\"
"F:\06. KI\04_Wissen_Ressourcen\Web_Archiv\00_Web_Archiv_MOC.md","??bersicht - openPM\"
"F:\06. KI\04_Wissen_Ressourcen\Web_Archiv\00_Web_Archiv_MOC.md","Sichten - Inhalt - openPM\"
"F:\06. KI\04_Wissen_Ressourcen\Web_Archiv\00_Web_Archiv_MOC.md","PMH_PM-Hauptprozesse-Tools.pdf\"
"F:\06. KI\04_Wissen_Ressourcen\Web_Archiv\00_Web_Archiv_MOC.md","Projektmanagement Handbuch - Das Online-Handbuch f??r Projektmanager\"
"F:\06. KI\04_Wissen_Ressourcen\Web_Archiv\00_Web_Archiv_MOC.md","Preisliste2015-2016-web.pdf\"
"F:\06. KI\04_Wissen_Ressourcen\Web_Archiv\00_Web_Archiv_MOC.md","Strategieplanung &amp; Strategisches Marketing, Marktanalysen, Wettbewerbsanalysen, Projektmanagement - Tool-gest??tzte &amp; Prozess-geleitete Strategieberatung - Winfried Kempfle Marketing Services\"
"F:\06. KI\04_Wissen_Ressourcen\Web_Archiv\00_Web_Archiv_MOC.md","Was macht ein Business Development Manager- - Campusj??ger\"
"F:\06. KI\04_Wissen_Ressourcen\Web_Archiv\00_Web_Archiv_MOC.md","Agiles Projektmanagement- So funktioniert Scrum ??? business-wissen.de\"
"F:\06. KI\04_Wissen_Ressourcen\Web_Archiv\00_Web_Archiv_MOC.md","medikamente-per-klick.de -- Deutsche Versandapotheke -- Ihre pers??nliche Versandapotheke\"
"F:\06. KI\04_Wissen_Ressourcen\Web_Archiv\00_Web_Archiv_MOC.md","Deutsche Post Internetmarke Online Porto drucken\"
"F:\06. KI\04_Wissen_Ressourcen\Web_Archiv\00_Web_Archiv_MOC.md","DHL - Paket - Express - Logistik\"
"F:\06. KI\04_Wissen_Ressourcen\Web_Archiv\00_Web_Archiv_MOC.md","Gesch??ftskundenportal\"
"F:\06. KI\04_Wissen_Ressourcen\Web_Archiv\00_Web_Archiv_MOC.md","office discount - Ihr Discount-Versand f??r B??robedarf\"
"F:\06. KI\04_Wissen_Ressourcen\Web_Archiv\00_Web_Archiv_MOC.md","GLS- Your high class parcel service\"
"F:\06. KI\04_Wissen_Ressourcen\Web_Archiv\00_Web_Archiv_MOC.md","DHL Online Frankierung ?? 2014 DHL\"
"F:\06. KI\04_Wissen_Ressourcen\Web_Archiv\00_Web_Archiv_MOC.md","Luftpolstertaschen, Luftpolster Versandtaschen &amp; Verpackungsmaterial!\"
"F:\06. KI\04_Wissen_Ressourcen\Web_Archiv\00_Web_Archiv_MOC.md","B??rom??bel, B??robedarf und Lagereinrichtung - bei Sch??fer-Shop Deutschland\"
"F:\06. KI\04_Wissen_Ressourcen\Web_Archiv\00_Web_Archiv_MOC.md","Homepage - B??robedarf - B??romaterial - Bei Viking bestellen\"
"F:\06. KI\04_Wissen_Ressourcen\Web_Archiv\00_Web_Archiv_MOC.md","OTTO Office- B??robedarf, B??rotechnik und B??rom??bel\"
"F:\06. KI\04_Wissen_Ressourcen\Web_Archiv\00_Web_Archiv_MOC.md","Audible.de - Flexi-Abo Spezial\"
"F:\06. KI\04_Wissen_Ressourcen\Web_Archiv\00_Web_Archiv_MOC.md","Seller Central\"
"F:\06. KI\04_Wissen_Ressourcen\Web_Archiv\00_Web_Archiv_MOC.md","eBay Deutschland Novellierte Verpackungsverordnung\"
"F:\06. KI\04_Wissen_Ressourcen\Web_Archiv\00_Web_Archiv_MOC.md","mobile.de - der Automarkt f??r Gebrauchtwagen und Neufahrzeuge - Finden oder Verkaufen Sie einfach und schnell ihr Auto\"
"F:\06. KI\04_Wissen_Ressourcen\Web_Archiv\00_Web_Archiv_MOC.md","Amazon.de- G??nstige Preise bei Elektronik &amp; Foto, DVD, Musik, B??cher, Games, Spielzeug &amp; mehr\"
"F:\06. KI\04_Wissen_Ressourcen\Web_Archiv\00_Web_Archiv_MOC.md","Cent-Auktion iPhone, iPad, MacBook, Playstation 3, Wii, Xbox 360, DSi,??? - Cent-Auktion Swoggi\"
"F:\06. KI\04_Wissen_Ressourcen\Web_Archiv\00_Web_Archiv_MOC.md","Versandsoftware Intraship 6.1\"
"F:\06. KI\04_Wissen_Ressourcen\Web_Archiv\00_Web_Archiv_MOC.md","coole kurze Liebesspr??che SMS Spr??che Liebe\"
"F:\06. KI\04_Wissen_Ressourcen\Web_Archiv\00_Web_Archiv_MOC.md","??ber 15.000 SMS Spr??che\"
"F:\06. KI\04_Wissen_Ressourcen\Web_Archiv\00_Web_Archiv_MOC.md","Liebesspr??che\"
"F:\06. KI\04_Wissen_Ressourcen\Web_Archiv\00_Web_Archiv_MOC.md","Bischoff Verlag - Internationales christliches Medienhaus - Online Shop\"
"F:\06. KI\04_Wissen_Ressourcen\Web_Archiv\00_Web_Archiv_MOC.md","Home - Hautnah Kosmetik... Naturkosmetik in Kaufbeuren\"
"F:\06. KI\04_Wissen_Ressourcen\Web_Archiv\00_Web_Archiv_MOC.md","ElsterOnline - ??ffentlicher Bereich - Konfigurations-Assistent - Ergebnis\"
"F:\06. KI\04_Wissen_Ressourcen\Web_Archiv\00_Web_Archiv_MOC.md","Links anpassen\"
"F:\06. KI\04_Wissen_Ressourcen\Web_Archiv\00_Web_Archiv_MOC.md","PAYBACK\"
"F:\06. KI\04_Wissen_Ressourcen\Web_Archiv\00_Web_Archiv_MOC.md","FORMBLITZ Download\"
"F:\06. KI\04_Wissen_Ressourcen\Web_Archiv\00_Web_Archiv_MOC.md","91.4.245.130 - IP-Adresse - utrace - IP-Adressen und Domainnamen lokalisieren\"
"F:\06. KI\04_Wissen_Ressourcen\Web_Archiv\00_Web_Archiv_MOC.md","https--products.geotrust.com-orders-Approval.doiapprove=Ich+stimme+zu.\"
"F:\06. KI\04_Wissen_Ressourcen\Web_Archiv\00_Web_Archiv_MOC.md","itsbetter-Trend@dress Medien AG- Produktsuchmaschine Firmensuchmaschine Industriesuchmaschine Firmenadressen Firmensuche Firmen\"
"F:\06. KI\04_Wissen_Ressourcen\Web_Archiv\00_Web_Archiv_MOC.md","Map24 ??? Routenplaner und Stadtpl??ne f??r Deutschland, Europa und USA\"
"F:\06. KI\04_Wissen_Ressourcen\Web_Archiv\00_Web_Archiv_MOC.md","Preisvergleich guenstiger.de\"
"F:\06. KI\04_Wissen_Ressourcen\Web_Archiv\00_Web_Archiv_MOC.md","MICHEL - Briefmarken und philatelistische Sammlerinformationen im Internet\"
"F:\06. KI\04_Wissen_Ressourcen\Web_Archiv\00_Web_Archiv_MOC.md","Verlagsgruppe Praktisches Wissen\"
"F:\06. KI\04_Wissen_Ressourcen\Web_Archiv\00_Web_Archiv_MOC.md","Webbrowser Firefox - Funktionen- Schneller, sicherer &amp; anpassbar - Mozilla Europe\"
"F:\06. KI\04_Wissen_Ressourcen\Web_Archiv\00_Web_Archiv_MOC.md","Firefox wurde aktualisiert\"
"F:\06. KI\04_Wissen_Ressourcen\Web_Archiv\00_Web_Archiv_MOC.md","HBE - Home\"
